label_a,label_b,n,corpus,label_a_name,label_b_name,total,agreement
hawkish,hawkish,36,FOMC stmt,dict,RF,235,0.323
neutral,hawkish,15,FOMC stmt,dict,RF,235,0.323
dovish,hawkish,3,FOMC stmt,dict,RF,235,0.323
hawkish,neutral,45,FOMC stmt,dict,RF,235,0.323
neutral,neutral,10,FOMC stmt,dict,RF,235,0.323
dovish,neutral,78,FOMC stmt,dict,RF,235,0.323
hawkish,dovish,13,FOMC stmt,dict,RF,235,0.323
neutral,dovish,5,FOMC stmt,dict,RF,235,0.323
dovish,dovish,30,FOMC stmt,dict,RF,235,0.323
hawkish,hawkish,48,FOMC stmt,dict,BERT,237,0.688
neutral,hawkish,7,FOMC stmt,dict,BERT,237,0.688
dovish,hawkish,1,FOMC stmt,dict,BERT,237,0.688
hawkish,neutral,17,FOMC stmt,dict,BERT,237,0.688
neutral,neutral,10,FOMC stmt,dict,BERT,237,0.688
dovish,neutral,5,FOMC stmt,dict,BERT,237,0.688
hawkish,dovish,29,FOMC stmt,dict,BERT,237,0.688
neutral,dovish,15,FOMC stmt,dict,BERT,237,0.688
dovish,dovish,105,FOMC stmt,dict,BERT,237,0.688
hawkish,hawkish,31,FOMC stmt,RF,BERT,234,0.376
neutral,hawkish,19,FOMC stmt,RF,BERT,234,0.376
dovish,hawkish,5,FOMC stmt,RF,BERT,234,0.376
hawkish,neutral,13,FOMC stmt,RF,BERT,234,0.376
neutral,neutral,17,FOMC stmt,RF,BERT,234,0.376
dovish,neutral,2,FOMC stmt,RF,BERT,234,0.376
hawkish,dovish,10,FOMC stmt,RF,BERT,234,0.376
neutral,dovish,97,FOMC stmt,RF,BERT,234,0.376
dovish,dovish,40,FOMC stmt,RF,BERT,234,0.376
hawkish,hawkish,39,FOMC stmt,dict,rate,238,0.345
neutral,hawkish,11,FOMC stmt,dict,rate,238,0.345
dovish,hawkish,1,FOMC stmt,dict,rate,238,0.345
hawkish,neutral,48,FOMC stmt,dict,rate,238,0.345
neutral,neutral,16,FOMC stmt,dict,rate,238,0.345
dovish,neutral,83,FOMC stmt,dict,rate,238,0.345
hawkish,dovish,7,FOMC stmt,dict,rate,238,0.345
neutral,dovish,6,FOMC stmt,dict,rate,238,0.345
dovish,dovish,27,FOMC stmt,dict,rate,238,0.345
hawkish,hawkish,40,FOMC stmt,RF,rate,235,0.843
neutral,hawkish,7,FOMC stmt,RF,rate,235,0.843
dovish,hawkish,4,FOMC stmt,RF,rate,235,0.843
hawkish,neutral,12,FOMC stmt,RF,rate,235,0.843
neutral,neutral,123,FOMC stmt,RF,rate,235,0.843
dovish,neutral,9,FOMC stmt,RF,rate,235,0.843
hawkish,dovish,2,FOMC stmt,RF,rate,235,0.843
neutral,dovish,3,FOMC stmt,RF,rate,235,0.843
dovish,dovish,35,FOMC stmt,RF,rate,235,0.843
hawkish,hawkish,37,FOMC stmt,BERT,rate,234,0.389
neutral,hawkish,9,FOMC stmt,BERT,rate,234,0.389
dovish,hawkish,5,FOMC stmt,BERT,rate,234,0.389
hawkish,neutral,18,FOMC stmt,BERT,rate,234,0.389
neutral,neutral,19,FOMC stmt,BERT,rate,234,0.389
dovish,neutral,107,FOMC stmt,BERT,rate,234,0.389
hawkish,dovish,0,FOMC stmt,BERT,rate,234,0.389
neutral,dovish,4,FOMC stmt,BERT,rate,234,0.389
dovish,dovish,35,FOMC stmt,BERT,rate,234,0.389
hawkish,hawkish,21,FOMC stmt,dict,MP1surprise,242,0.277
neutral,hawkish,6,FOMC stmt,dict,MP1surprise,242,0.277
dovish,hawkish,24,FOMC stmt,dict,MP1surprise,242,0.277
hawkish,neutral,53,FOMC stmt,dict,MP1surprise,242,0.277
neutral,neutral,18,FOMC stmt,dict,MP1surprise,242,0.277
dovish,neutral,60,FOMC stmt,dict,MP1surprise,242,0.277
hawkish,dovish,20,FOMC stmt,dict,MP1surprise,242,0.277
neutral,dovish,12,FOMC stmt,dict,MP1surprise,242,0.277
dovish,dovish,28,FOMC stmt,dict,MP1surprise,242,0.277
hawkish,hawkish,15,FOMC stmt,RF,MP1surprise,235,0.557
neutral,hawkish,16,FOMC stmt,RF,MP1surprise,235,0.557
dovish,hawkish,19,FOMC stmt,RF,MP1surprise,235,0.557
hawkish,neutral,26,FOMC stmt,RF,MP1surprise,235,0.557
neutral,neutral,94,FOMC stmt,RF,MP1surprise,235,0.557
dovish,neutral,7,FOMC stmt,RF,MP1surprise,235,0.557
hawkish,dovish,13,FOMC stmt,RF,MP1surprise,235,0.557
neutral,dovish,23,FOMC stmt,RF,MP1surprise,235,0.557
dovish,dovish,22,FOMC stmt,RF,MP1surprise,235,0.557
hawkish,hawkish,16,FOMC stmt,BERT,MP1surprise,237,0.316
neutral,hawkish,6,FOMC stmt,BERT,MP1surprise,237,0.316
dovish,hawkish,29,FOMC stmt,BERT,MP1surprise,237,0.316
hawkish,neutral,26,FOMC stmt,BERT,MP1surprise,237,0.316
neutral,neutral,20,FOMC stmt,BERT,MP1surprise,237,0.316
dovish,neutral,81,FOMC stmt,BERT,MP1surprise,237,0.316
hawkish,dovish,14,FOMC stmt,BERT,MP1surprise,237,0.316
neutral,dovish,6,FOMC stmt,BERT,MP1surprise,237,0.316
dovish,dovish,39,FOMC stmt,BERT,MP1surprise,237,0.316
hawkish,hawkish,18,FOMC PC,dict,RF,91,0.308
neutral,hawkish,2,FOMC PC,dict,RF,91,0.308
dovish,hawkish,0,FOMC PC,dict,RF,91,0.308
hawkish,neutral,25,FOMC PC,dict,RF,91,0.308
neutral,neutral,4,FOMC PC,dict,RF,91,0.308
dovish,neutral,30,FOMC PC,dict,RF,91,0.308
hawkish,dovish,5,FOMC PC,dict,RF,91,0.308
neutral,dovish,1,FOMC PC,dict,RF,91,0.308
dovish,dovish,6,FOMC PC,dict,RF,91,0.308
hawkish,hawkish,1,FOMC PC,dict,BERT,91,0.396
neutral,hawkish,0,FOMC PC,dict,BERT,91,0.396
dovish,hawkish,0,FOMC PC,dict,BERT,91,0.396
hawkish,neutral,8,FOMC PC,dict,BERT,91,0.396
neutral,neutral,0,FOMC PC,dict,BERT,91,0.396
dovish,neutral,1,FOMC PC,dict,BERT,91,0.396
hawkish,dovish,39,FOMC PC,dict,BERT,91,0.396
neutral,dovish,7,FOMC PC,dict,BERT,91,0.396
dovish,dovish,35,FOMC PC,dict,BERT,91,0.396
hawkish,hawkish,1,FOMC PC,RF,BERT,91,0.154
neutral,hawkish,0,FOMC PC,RF,BERT,91,0.154
dovish,hawkish,0,FOMC PC,RF,BERT,91,0.154
hawkish,neutral,6,FOMC PC,RF,BERT,91,0.154
neutral,neutral,2,FOMC PC,RF,BERT,91,0.154
dovish,neutral,1,FOMC PC,RF,BERT,91,0.154
hawkish,dovish,13,FOMC PC,RF,BERT,91,0.154
neutral,dovish,57,FOMC PC,RF,BERT,91,0.154
dovish,dovish,11,FOMC PC,RF,BERT,91,0.154
hawkish,hawkish,19,FOMC PC,dict,rate,92,0.337
neutral,hawkish,1,FOMC PC,dict,rate,92,0.337
dovish,hawkish,0,FOMC PC,dict,rate,92,0.337
hawkish,neutral,25,FOMC PC,dict,rate,92,0.337
neutral,neutral,6,FOMC PC,dict,rate,92,0.337
dovish,neutral,30,FOMC PC,dict,rate,92,0.337
hawkish,dovish,4,FOMC PC,dict,rate,92,0.337
neutral,dovish,1,FOMC PC,dict,rate,92,0.337
dovish,dovish,6,FOMC PC,dict,rate,92,0.337
hawkish,hawkish,19,FOMC PC,RF,rate,91,0.945
neutral,hawkish,1,FOMC PC,RF,rate,91,0.945
dovish,hawkish,0,FOMC PC,RF,rate,91,0.945
hawkish,neutral,1,FOMC PC,RF,rate,91,0.945
neutral,neutral,57,FOMC PC,RF,rate,91,0.945
dovish,neutral,2,FOMC PC,RF,rate,91,0.945
hawkish,dovish,0,FOMC PC,RF,rate,91,0.945
neutral,dovish,1,FOMC PC,RF,rate,91,0.945
dovish,dovish,10,FOMC PC,RF,rate,91,0.945
hawkish,hawkish,1,FOMC PC,BERT,rate,91,0.143
neutral,hawkish,6,FOMC PC,BERT,rate,91,0.143
dovish,hawkish,13,FOMC PC,BERT,rate,91,0.143
hawkish,neutral,0,FOMC PC,BERT,rate,91,0.143
neutral,neutral,2,FOMC PC,BERT,rate,91,0.143
dovish,neutral,58,FOMC PC,BERT,rate,91,0.143
hawkish,dovish,0,FOMC PC,BERT,rate,91,0.143
neutral,dovish,1,FOMC PC,BERT,rate,91,0.143
dovish,dovish,10,FOMC PC,BERT,rate,91,0.143
hawkish,hawkish,2,FOMC PC,dict,MP1surprise,91,0.132
neutral,hawkish,1,FOMC PC,dict,MP1surprise,91,0.132
dovish,hawkish,8,FOMC PC,dict,MP1surprise,91,0.132
hawkish,neutral,42,FOMC PC,dict,MP1surprise,91,0.132
neutral,neutral,4,FOMC PC,dict,MP1surprise,91,0.132
dovish,neutral,22,FOMC PC,dict,MP1surprise,91,0.132
hawkish,dovish,4,FOMC PC,dict,MP1surprise,91,0.132
neutral,dovish,2,FOMC PC,dict,MP1surprise,91,0.132
dovish,dovish,6,FOMC PC,dict,MP1surprise,91,0.132
hawkish,hawkish,2,FOMC PC,RF,MP1surprise,91,0.538
neutral,hawkish,7,FOMC PC,RF,MP1surprise,91,0.538
dovish,hawkish,2,FOMC PC,RF,MP1surprise,91,0.538
hawkish,neutral,17,FOMC PC,RF,MP1surprise,91,0.538
neutral,neutral,44,FOMC PC,RF,MP1surprise,91,0.538
dovish,neutral,7,FOMC PC,RF,MP1surprise,91,0.538
hawkish,dovish,1,FOMC PC,RF,MP1surprise,91,0.538
neutral,dovish,8,FOMC PC,RF,MP1surprise,91,0.538
dovish,dovish,3,FOMC PC,RF,MP1surprise,91,0.538
hawkish,hawkish,0,FOMC PC,BERT,MP1surprise,91,0.209
neutral,hawkish,0,FOMC PC,BERT,MP1surprise,91,0.209
dovish,hawkish,11,FOMC PC,BERT,MP1surprise,91,0.209
hawkish,neutral,1,FOMC PC,BERT,MP1surprise,91,0.209
neutral,neutral,8,FOMC PC,BERT,MP1surprise,91,0.209
dovish,neutral,59,FOMC PC,BERT,MP1surprise,91,0.209
hawkish,dovish,0,FOMC PC,BERT,MP1surprise,91,0.209
neutral,dovish,1,FOMC PC,BERT,MP1surprise,91,0.209
dovish,dovish,11,FOMC PC,BERT,MP1surprise,91,0.209
hawkish,hawkish,5,ECB stmt,dict,RF,275,0.578
neutral,hawkish,13,ECB stmt,dict,RF,275,0.578
dovish,hawkish,6,ECB stmt,dict,RF,275,0.578
hawkish,neutral,2,ECB stmt,dict,RF,275,0.578
neutral,neutral,149,ECB stmt,dict,RF,275,0.578
dovish,neutral,57,ECB stmt,dict,RF,275,0.578
hawkish,dovish,1,ECB stmt,dict,RF,275,0.578
neutral,dovish,37,ECB stmt,dict,RF,275,0.578
dovish,dovish,5,ECB stmt,dict,RF,275,0.578
hawkish,hawkish,6,ECB stmt,dict,BERT,276,0.855
neutral,hawkish,9,ECB stmt,dict,BERT,276,0.855
dovish,hawkish,13,ECB stmt,dict,BERT,276,0.855
hawkish,neutral,0,ECB stmt,dict,BERT,276,0.855
neutral,neutral,185,ECB stmt,dict,BERT,276,0.855
dovish,neutral,10,ECB stmt,dict,BERT,276,0.855
hawkish,dovish,2,ECB stmt,dict,BERT,276,0.855
neutral,dovish,6,ECB stmt,dict,BERT,276,0.855
dovish,dovish,45,ECB stmt,dict,BERT,276,0.855
hawkish,hawkish,14,ECB stmt,RF,BERT,275,0.633
neutral,hawkish,14,ECB stmt,RF,BERT,275,0.633
dovish,hawkish,0,ECB stmt,RF,BERT,275,0.633
hawkish,neutral,7,ECB stmt,RF,BERT,275,0.633
neutral,neutral,152,ECB stmt,RF,BERT,275,0.633
dovish,neutral,35,ECB stmt,RF,BERT,275,0.633
hawkish,dovish,3,ECB stmt,RF,BERT,275,0.633
neutral,dovish,42,ECB stmt,RF,BERT,275,0.633
dovish,dovish,8,ECB stmt,RF,BERT,275,0.633
hawkish,hawkish,5,ECB stmt,dict,rate,284,0.63
neutral,hawkish,20,ECB stmt,dict,rate,284,0.63
dovish,hawkish,2,ECB stmt,dict,rate,284,0.63
hawkish,neutral,1,ECB stmt,dict,rate,284,0.63
neutral,neutral,167,ECB stmt,dict,rate,284,0.63
dovish,neutral,59,ECB stmt,dict,rate,284,0.63
hawkish,dovish,2,ECB stmt,dict,rate,284,0.63
neutral,dovish,21,ECB stmt,dict,rate,284,0.63
dovish,dovish,7,ECB stmt,dict,rate,284,0.63
hawkish,hawkish,15,ECB stmt,RF,rate,275,0.887
neutral,hawkish,0,ECB stmt,RF,rate,275,0.887
dovish,hawkish,12,ECB stmt,RF,rate,275,0.887
hawkish,neutral,5,ECB stmt,RF,rate,275,0.887
neutral,neutral,206,ECB stmt,RF,rate,275,0.887
dovish,neutral,8,ECB stmt,RF,rate,275,0.887
hawkish,dovish,4,ECB stmt,RF,rate,275,0.887
neutral,dovish,2,ECB stmt,RF,rate,275,0.887
dovish,dovish,23,ECB stmt,RF,rate,275,0.887
hawkish,hawkish,13,ECB stmt,BERT,rate,276,0.67
neutral,hawkish,14,ECB stmt,BERT,rate,276,0.67
dovish,hawkish,0,ECB stmt,BERT,rate,276,0.67
hawkish,neutral,14,ECB stmt,BERT,rate,276,0.67
neutral,neutral,162,ECB stmt,BERT,rate,276,0.67
dovish,neutral,43,ECB stmt,BERT,rate,276,0.67
hawkish,dovish,1,ECB stmt,BERT,rate,276,0.67
neutral,dovish,19,ECB stmt,BERT,rate,276,0.67
dovish,dovish,10,ECB stmt,BERT,rate,276,0.67
hawkish,hawkish,2,ECB stmt,dict,MP1surprise,253,0.352
neutral,hawkish,67,ECB stmt,dict,MP1surprise,253,0.352
dovish,hawkish,15,ECB stmt,dict,MP1surprise,253,0.352
hawkish,neutral,1,ECB stmt,dict,MP1surprise,253,0.352
neutral,neutral,84,ECB stmt,dict,MP1surprise,253,0.352
dovish,neutral,35,ECB stmt,dict,MP1surprise,253,0.352
hawkish,dovish,3,ECB stmt,dict,MP1surprise,253,0.352
neutral,dovish,43,ECB stmt,dict,MP1surprise,253,0.352
dovish,dovish,3,ECB stmt,dict,MP1surprise,253,0.352
hawkish,hawkish,10,ECB stmt,RF,MP1surprise,252,0.52
neutral,hawkish,62,ECB stmt,RF,MP1surprise,252,0.52
dovish,hawkish,11,ECB stmt,RF,MP1surprise,252,0.52
hawkish,neutral,5,ECB stmt,RF,MP1surprise,252,0.52
neutral,neutral,106,ECB stmt,RF,MP1surprise,252,0.52
dovish,neutral,9,ECB stmt,RF,MP1surprise,252,0.52
hawkish,dovish,6,ECB stmt,RF,MP1surprise,252,0.52
neutral,dovish,28,ECB stmt,RF,MP1surprise,252,0.52
dovish,dovish,15,ECB stmt,RF,MP1surprise,252,0.52
hawkish,hawkish,10,ECB stmt,BERT,MP1surprise,253,0.395
neutral,hawkish,62,ECB stmt,BERT,MP1surprise,253,0.395
dovish,hawkish,12,ECB stmt,BERT,MP1surprise,253,0.395
hawkish,neutral,12,ECB stmt,BERT,MP1surprise,253,0.395
neutral,neutral,87,ECB stmt,BERT,MP1surprise,253,0.395
dovish,neutral,21,ECB stmt,BERT,MP1surprise,253,0.395
hawkish,dovish,4,ECB stmt,BERT,MP1surprise,253,0.395
neutral,dovish,42,ECB stmt,BERT,MP1surprise,253,0.395
dovish,dovish,3,ECB stmt,BERT,MP1surprise,253,0.395
hawkish,hawkish,27,ECB PC,dict,RF,250,0.192
neutral,hawkish,4,ECB PC,dict,RF,250,0.192
dovish,hawkish,2,ECB PC,dict,RF,250,0.192
hawkish,neutral,83,ECB PC,dict,RF,250,0.192
neutral,neutral,6,ECB PC,dict,RF,250,0.192
dovish,neutral,96,ECB PC,dict,RF,250,0.192
hawkish,dovish,13,ECB PC,dict,RF,250,0.192
neutral,dovish,4,ECB PC,dict,RF,250,0.192
dovish,dovish,15,ECB PC,dict,RF,250,0.192
hawkish,hawkish,34,ECB PC,dict,BERT,266,0.511
neutral,hawkish,1,ECB PC,dict,BERT,266,0.511
dovish,hawkish,5,ECB PC,dict,BERT,266,0.511
hawkish,neutral,31,ECB PC,dict,BERT,266,0.511
neutral,neutral,6,ECB PC,dict,BERT,266,0.511
dovish,neutral,14,ECB PC,dict,BERT,266,0.511
hawkish,dovish,69,ECB PC,dict,BERT,266,0.511
neutral,dovish,10,ECB PC,dict,BERT,266,0.511
dovish,dovish,96,ECB PC,dict,BERT,266,0.511
hawkish,hawkish,13,ECB PC,RF,BERT,250,0.296
neutral,hawkish,22,ECB PC,RF,BERT,250,0.296
dovish,hawkish,2,ECB PC,RF,BERT,250,0.296
hawkish,neutral,9,ECB PC,RF,BERT,250,0.296
neutral,neutral,35,ECB PC,RF,BERT,250,0.296
dovish,neutral,4,ECB PC,RF,BERT,250,0.296
hawkish,dovish,11,ECB PC,RF,BERT,250,0.296
neutral,dovish,128,ECB PC,RF,BERT,250,0.296
dovish,dovish,26,ECB PC,RF,BERT,250,0.296
hawkish,hawkish,24,ECB PC,dict,rate,250,0.204
neutral,hawkish,0,ECB PC,dict,rate,250,0.204
dovish,hawkish,0,ECB PC,dict,rate,250,0.204
hawkish,neutral,91,ECB PC,dict,rate,250,0.204
neutral,neutral,10,ECB PC,dict,rate,250,0.204
dovish,neutral,96,ECB PC,dict,rate,250,0.204
hawkish,dovish,8,ECB PC,dict,rate,250,0.204
neutral,dovish,4,ECB PC,dict,rate,250,0.204
dovish,dovish,17,ECB PC,dict,rate,250,0.204
hawkish,hawkish,20,ECB PC,RF,rate,250,0.896
neutral,hawkish,1,ECB PC,RF,rate,250,0.896
dovish,hawkish,3,ECB PC,RF,rate,250,0.896
hawkish,neutral,10,ECB PC,RF,rate,250,0.896
neutral,neutral,181,ECB PC,RF,rate,250,0.896
dovish,neutral,6,ECB PC,RF,rate,250,0.896
hawkish,dovish,3,ECB PC,RF,rate,250,0.896
neutral,dovish,3,ECB PC,RF,rate,250,0.896
dovish,dovish,23,ECB PC,RF,rate,250,0.896
hawkish,hawkish,10,ECB PC,BERT,rate,250,0.3
neutral,hawkish,10,ECB PC,BERT,rate,250,0.3
dovish,hawkish,4,ECB PC,BERT,rate,250,0.3
hawkish,neutral,27,ECB PC,BERT,rate,250,0.3
neutral,neutral,37,ECB PC,BERT,rate,250,0.3
dovish,neutral,133,ECB PC,BERT,rate,250,0.3
hawkish,dovish,0,ECB PC,BERT,rate,250,0.3
neutral,dovish,1,ECB PC,BERT,rate,250,0.3
dovish,dovish,28,ECB PC,BERT,rate,250,0.3
hawkish,hawkish,39,ECB PC,dict,MP1surprise,243,0.284
neutral,hawkish,2,ECB PC,dict,MP1surprise,243,0.284
dovish,hawkish,22,ECB PC,dict,MP1surprise,243,0.284
hawkish,neutral,41,ECB PC,dict,MP1surprise,243,0.284
neutral,neutral,6,ECB PC,dict,MP1surprise,243,0.284
dovish,neutral,64,ECB PC,dict,MP1surprise,243,0.284
hawkish,dovish,40,ECB PC,dict,MP1surprise,243,0.284
neutral,dovish,5,ECB PC,dict,MP1surprise,243,0.284
dovish,dovish,24,ECB PC,dict,MP1surprise,243,0.284
hawkish,hawkish,11,ECB PC,RF,MP1surprise,231,0.485
neutral,hawkish,35,ECB PC,RF,MP1surprise,231,0.485
dovish,hawkish,8,ECB PC,RF,MP1surprise,231,0.485
hawkish,neutral,11,ECB PC,RF,MP1surprise,231,0.485
neutral,neutral,91,ECB PC,RF,MP1surprise,231,0.485
dovish,neutral,7,ECB PC,RF,MP1surprise,231,0.485
hawkish,dovish,10,ECB PC,RF,MP1surprise,231,0.485
neutral,dovish,48,ECB PC,RF,MP1surprise,231,0.485
dovish,dovish,10,ECB PC,RF,MP1surprise,231,0.485
hawkish,hawkish,13,ECB PC,BERT,MP1surprise,243,0.3
neutral,hawkish,11,ECB PC,BERT,MP1surprise,243,0.3
dovish,hawkish,39,ECB PC,BERT,MP1surprise,243,0.3
hawkish,neutral,11,ECB PC,BERT,MP1surprise,243,0.3
neutral,neutral,21,ECB PC,BERT,MP1surprise,243,0.3
dovish,neutral,79,ECB PC,BERT,MP1surprise,243,0.3
hawkish,dovish,15,ECB PC,BERT,MP1surprise,243,0.3
neutral,dovish,15,ECB PC,BERT,MP1surprise,243,0.3
dovish,dovish,39,ECB PC,BERT,MP1surprise,243,0.3
