label,outcome,score_term,fe_spec,estimate,se,pvalue,n,r2
FOMC Stmt -> SP500 [net],SP500,net_score,A,-0.09173459580476981,0.14701111185940047,0.5332501963547565,232,0.050879048004698224
FOMC Stmt -> SP500 [net],SP500,net_score,B,-0.01145813092985043,0.18831857045846873,0.95153689894956,232,0.057724586729929306
FOMC Stmt -> SP500 [net],SP500,net_score,C,0.06046874202656656,0.1846582376408577,0.7436235489693824,232,0.06182656457384694
FOMC Stmt -> EURUSD [net],EURUSD,net_score,A,0.05712415707086159,0.1005055068903403,0.5703466377049979,230,0.061153245659655964
FOMC Stmt -> EURUSD [net],EURUSD,net_score,B,0.05049638413579697,0.10659092580597182,0.6361467323372288,230,0.0675908012962001
FOMC Stmt -> EURUSD [net],EURUSD,net_score,C,0.09371892262964698,0.12126675787724221,0.4404434077992382,230,0.07373549153009884
FOMC Stmt -> DXY [net],DXY,net_score,A,-0.05355580812758783,0.09282741150835491,0.564523286735907,242,0.09644312308405734
FOMC Stmt -> DXY [net],DXY,net_score,B,-0.01703626104058302,0.10080066935465548,0.8659340122861129,242,0.10859068059025057
FOMC Stmt -> DXY [net],DXY,net_score,C,-0.08105205352627237,0.11111311810757694,0.46645272672549487,242,0.11909709545745506
FOMC Stmt -> UST2Y [net],UST2Y,net_score,A,0.010762023571314793,0.014576117815383594,0.46103671582138095,242,0.19118125408607367
FOMC Stmt -> UST2Y [net],UST2Y,net_score,B,0.012622303816750877,0.01512923558103085,0.4049562888963312,242,0.19214974761220194
FOMC Stmt -> UST2Y [net],UST2Y,net_score,C,0.009246724538414991,0.018378310167252245,0.6153443892238907,242,0.19267781819934648
FOMC Stmt -> UST10Y [net],UST10Y,net_score,A,0.002686201787978129,0.012054648434510802,0.8238539793996433,242,0.021868710804881508
FOMC Stmt -> UST10Y [net],UST10Y,net_score,B,0.0023187421804426265,0.011105105561790252,0.8347847474794172,242,0.02541303249374316
FOMC Stmt -> UST10Y [net],UST10Y,net_score,C,-0.008126507763726346,0.013434403893370686,0.5458297534217037,242,0.03273422917168001
FOMC Stmt -> TIPS5Y [net],TIPS5Y,net_score,A,-0.0032148725712305335,0.019581467967215997,0.869781620012813,176,0.029983969166128666
FOMC Stmt -> TIPS5Y [net],TIPS5Y,net_score,B,-0.003527314340622271,0.020956582652725615,0.8665352879287742,176,0.03486898600633792
FOMC Stmt -> TIPS5Y [net],TIPS5Y,net_score,C,-0.01835275555491767,0.02413781334610124,0.4481218106477799,176,0.04244109033482024
FOMC Stmt -> TIPS10Y [net],TIPS10Y,net_score,A,0.0017001974085913106,0.014892837495731675,0.9092416880738039,176,0.018247526956188587
FOMC Stmt -> TIPS10Y [net],TIPS10Y,net_score,B,0.0025711372801761412,0.014998538513824993,0.8640928075799503,176,0.023669873316972567
FOMC Stmt -> TIPS10Y [net],TIPS10Y,net_score,C,-0.008153446417006473,0.017591731147566302,0.6436189884463959,176,0.029393843568527256
FOMC PC -> SP500 [net],SP500,net_score,A,0.5918416565421275,0.4311870146504067,0.1733689481571271,91,0.04561210809763694
FOMC PC -> SP500 [net],SP500,net_score,B,0.9249801003495002,0.6382441048081104,0.15090245696594168,91,0.08053255658044034
FOMC PC -> SP500 [net],SP500,net_score,C,0.8698749622350164,0.6598494658283172,0.19094698642248412,91,0.08085326408754512
FOMC PC -> EURUSD [net],EURUSD,net_score,A,0.19145452683150094,0.1202276316375613,0.11487319678050154,91,0.04887858902641384
FOMC PC -> EURUSD [net],EURUSD,net_score,B,0.20494591915406196,0.14364446201802328,0.15727011217658157,91,0.058256308916293964
FOMC PC -> EURUSD [net],EURUSD,net_score,C,0.37357056469690303,0.18199193214466472,0.04317963871652242,91,0.08859658455593611
FOMC PC -> DXY [net],DXY,net_score,A,-0.17941398662707855,0.11719402070599333,0.1293776792902027,91,0.04733341056888496
FOMC PC -> DXY [net],DXY,net_score,B,-0.1981866024914384,0.14027580178193047,0.16131309888242729,91,0.055852652995360574
FOMC PC -> DXY [net],DXY,net_score,C,-0.34542647354791883,0.17506915017290334,0.051735375710225885,91,0.08055617570592755
FOMC PC -> UST2Y [net],UST2Y,net_score,A,-0.020850326246236273,0.019642262637136504,0.29136580790562927,91,0.02949028033281198
FOMC PC -> UST2Y [net],UST2Y,net_score,B,-0.019815357172076664,0.02553305573001958,0.4398386214179242,91,0.035324196206614644
FOMC PC -> UST2Y [net],UST2Y,net_score,C,-0.0235544196140039,0.027849981530548882,0.4000608753786038,91,0.03597781979447945
FOMC PC -> UST10Y [net],UST10Y,net_score,A,0.0012383877751099236,0.018402951502148022,0.9465011949877056,91,0.0011688976762558312
FOMC PC -> UST10Y [net],UST10Y,net_score,B,0.010018013722134114,0.026421029172687793,0.7054975506628461,91,0.021519755154795872
FOMC PC -> UST10Y [net],UST10Y,net_score,C,0.0025710131912015086,0.02801894606479123,0.9271047864973878,91,0.0245594398322303
FOMC PC -> TIPS5Y [net],TIPS5Y,net_score,A,-0.030859902704717987,0.02425231321266378,0.20656448474350397,91,0.02942601994719185
FOMC PC -> TIPS5Y [net],TIPS5Y,net_score,B,-0.03152498673365746,0.029732622958693316,0.29198471620926786,91,0.03847589563433218
FOMC PC -> TIPS5Y [net],TIPS5Y,net_score,C,-0.04411547190449576,0.032922984148619445,0.18382962403364034,91,0.043163479784920966
FOMC PC -> TIPS10Y [net],TIPS10Y,net_score,A,-0.019332890975579185,0.01910075273693309,0.314239630233504,91,0.01853907023002832
FOMC PC -> TIPS10Y [net],TIPS10Y,net_score,B,-0.011627057285490575,0.02498781856882051,0.6428863176324671,91,0.034742352728729387
FOMC PC -> TIPS10Y [net],TIPS10Y,net_score,C,-0.01805839817075635,0.026950720828868565,0.504640633061185,91,0.03675078625720407
ECB Stmt -> SX5E [net],SX5E,net_score,A,-0.08172304850522748,0.10877714617190533,0.4531855129768907,253,0.17817786767030674
ECB Stmt -> SX5E [net],SX5E,net_score,B,0.08065977028141356,0.1450192963373256,0.578577472421138,253,0.19523517974085158
ECB Stmt -> SX5E [net],SX5E,net_score,C,-0.005675388539648472,0.15468041690107975,0.9707612139363214,253,0.20226890465576763
ECB Stmt -> EURUSD [net],EURUSD,net_score,A,0.05970821815199492,0.07441476132179287,0.42310067777056637,253,0.0043850312304769545
ECB Stmt -> EURUSD [net],EURUSD,net_score,B,0.04158539430975163,0.11511227069093148,0.718214322348268,253,0.02574128862674052
ECB Stmt -> EURUSD [net],EURUSD,net_score,C,0.0895608048936162,0.12491541178925702,0.4740745589796964,253,0.030302377285342685
ECB Stmt -> SX7E [net],SX7E,net_score,A,-0.22137311290996364,0.22882983516736308,0.33427221048157174,253,0.05700499310633189
ECB Stmt -> SX7E [net],SX7E,net_score,B,0.06205710088244844,0.279185069309632,0.8242800392484269,253,0.07438870924226115
ECB Stmt -> SX7E [net],SX7E,net_score,C,-0.14877082653759574,0.3008557009187127,0.6214016486854004,253,0.08872259619641631
ECB Stmt -> OIS_MP2 [net],OIS_MP2,net_score,A,-0.40361603862534845,0.7444468231550612,0.5882029923949088,244,0.21025315696501634
ECB Stmt -> OIS_MP2 [net],OIS_MP2,net_score,B,-1.4401616858890995,1.412297740883989,0.30889219714983374,244,0.23004007917838998
ECB Stmt -> OIS_MP2 [net],OIS_MP2,net_score,C,-1.4512608741373736,1.36533373506773,0.2888979073167404,244,0.23304242418076027
ECB Stmt -> OIS_10Y [net],OIS_10Y,net_score,A,-0.6497242597012076,0.7540568450651352,0.3907610003681985,113,0.015840093379601794
ECB Stmt -> OIS_10Y [net],OIS_10Y,net_score,B,-0.7899509284981641,1.0115174701214347,0.4365366841402242,113,0.01819835991125829
ECB Stmt -> OIS_10Y [net],OIS_10Y,net_score,C,-0.43635912656774883,1.043730964590526,0.6767292168688547,113,0.02522528350777853
ECB Stmt -> DE2Y [net],DE2Y,net_score,A,-0.4189526856402561,0.8475010221171604,0.6215009802307678,253,0.11669036563207835
ECB Stmt -> DE2Y [net],DE2Y,net_score,B,-1.208892372234941,1.4735653547548062,0.41278710678131914,253,0.1251068664276187
ECB Stmt -> DE2Y [net],DE2Y,net_score,C,-1.2761328800501248,1.524628109854275,0.4034012002948111,253,0.1292741178670801
ECB Stmt -> DE10Y [net],DE10Y,net_score,A,-0.15101418794656646,0.7096723105114959,0.8316608582209181,253,0.035670052581195266
ECB Stmt -> DE10Y [net],DE10Y,net_score,B,-0.5250030969555025,1.1635913337188772,0.6522470452348654,253,0.04642812604422175
ECB Stmt -> DE10Y [net],DE10Y,net_score,C,-0.5659745762424938,1.2402195418493187,0.648542370993374,253,0.05020543547613987
ECB Stmt -> IT10Y_spread [net],IT10Y_spread,net_score,A,1.3950469553517726,1.2852342110775212,0.2788623874056038,233,0.01954269329464109
ECB Stmt -> IT10Y_spread [net],IT10Y_spread,net_score,B,1.2556725587707553,1.29747119087387,0.3341819567140232,233,0.051009795590284845
ECB Stmt -> IT10Y_spread [net],IT10Y_spread,net_score,C,0.8183775516258891,1.4773248408314268,0.5801569498561225,233,0.05608573785892945
ECB PC -> SX5E [net],SX5E,net_score,A,0.17371496371249706,0.11395093486324342,0.12870756850235157,243,0.012280008431760359
ECB PC -> SX5E [net],SX5E,net_score,B,0.15668725836127426,0.1455703970293867,0.2828573470135784,243,0.012628460405769926
ECB PC -> SX5E [net],SX5E,net_score,C,0.175284927110044,0.1674489768967991,0.296269124389902,243,0.013429630441363805
ECB PC -> EURUSD [net],EURUSD,net_score,A,0.012368372190795607,0.07681611081176942,0.8722188208682997,243,0.01658302414989321
ECB PC -> EURUSD [net],EURUSD,net_score,B,-0.09837015858471829,0.0893202322290661,0.2718746442196772,243,0.031119386285071937
ECB PC -> EURUSD [net],EURUSD,net_score,C,-0.08364073137072796,0.13837702563778045,0.5461336821011251,243,0.031392978927462734
ECB PC -> SX7E [net],SX7E,net_score,A,0.3815228603476113,0.1979491496331367,0.055112848072876607,243,0.019042716702002416
ECB PC -> SX7E [net],SX7E,net_score,B,0.32229143065355026,0.25163166870276343,0.2015136547138426,243,0.021619962979192886
ECB PC -> SX7E [net],SX7E,net_score,C,0.14193434479046474,0.27293085712611376,0.6035268092797303,243,0.026656031310121064
ECB PC -> OIS_MP2 [net],OIS_MP2,net_score,A,-0.7188429925958902,0.781616840565514,0.35869149213628504,235,0.07208964752935465
ECB PC -> OIS_MP2 [net],OIS_MP2,net_score,B,-0.456672947006108,1.0906201884776558,0.6758075605672335,235,0.08104153849426676
ECB PC -> OIS_MP2 [net],OIS_MP2,net_score,C,-1.0597833061607191,1.3555969673042256,0.43515648858233924,235,0.0841601145272668
ECB PC -> OIS_10Y [net],OIS_10Y,net_score,A,-0.6996533163543096,1.2421878269561466,0.5745056637945445,105,0.02332532278690258
ECB PC -> OIS_10Y [net],OIS_10Y,net_score,B,-0.6467170523850978,1.1468284253357626,0.5740725444228859,105,0.027021025650757702
ECB PC -> OIS_10Y [net],OIS_10Y,net_score,C,-1.3092237908574953,1.428245769840751,0.3615455129026901,105,0.031196240134653497
ECB PC -> DE2Y [net],DE2Y,net_score,A,-0.3583864793392435,0.8568757354909322,0.6761398713401399,243,0.05649874273418287
ECB PC -> DE2Y [net],DE2Y,net_score,B,-0.049838608602059326,1.226232764758597,0.9676141813888242,243,0.06895321276702315
ECB PC -> DE2Y [net],DE2Y,net_score,C,-0.6956167539966653,1.3830802766588035,0.6154722269503262,243,0.07419460082433971
ECB PC -> DE10Y [net],DE10Y,net_score,A,-0.5830383506512191,0.5947905206697238,0.3279540079381208,243,0.009185043827808936
ECB PC -> DE10Y [net],DE10Y,net_score,B,-1.087137428792432,0.7613829708456282,0.1546526251100813,243,0.01852917370874363
ECB PC -> DE10Y [net],DE10Y,net_score,C,-1.4572463297424072,0.9847697632444318,0.14027026374052207,243,0.020129851472072025
ECB PC -> IT10Y_spread [net],IT10Y_spread,net_score,A,-1.264825649521283,1.0280059539487991,0.2198914033265893,220,0.007977609873205282
ECB PC -> IT10Y_spread [net],IT10Y_spread,net_score,B,-0.71323515797307,1.3100886766661164,0.5867210491760975,220,0.011499810647924824
ECB PC -> IT10Y_spread [net],IT10Y_spread,net_score,C,-0.10956745293809123,1.3721830812075244,0.9364326723474699,220,0.016601336236467756
FOMC Stmt -> SP500 [fwd/curr],SP500,net_score_fwd,A,-0.3026812315143602,0.17657875208964485,0.08786144719149935,232,0.054250234843809975
FOMC Stmt -> SP500 [fwd/curr],SP500,net_score_curr,A,0.10710259696631362,0.1769133419259813,0.5455181496890551,232,0.054250234843809975
FOMC Stmt -> SP500 [fwd/curr],SP500,net_score_fwd,B,-0.23616176441708037,0.2401908190955571,0.3265524891859415,232,0.06030420406364512
FOMC Stmt -> SP500 [fwd/curr],SP500,net_score_curr,B,0.15295332222187358,0.20092115007487152,0.44729864651374773,232,0.06030420406364512
FOMC Stmt -> SP500 [fwd/curr],SP500,net_score_fwd,C,-0.13375193569541485,0.24156871355486048,0.5803521069215971,232,0.06290535730920443
FOMC Stmt -> SP500 [fwd/curr],SP500,net_score_curr,C,0.15649659116816939,0.24145132383753296,0.5175549629823204,232,0.06290535730920443
FOMC Stmt -> EURUSD [fwd/curr],EURUSD,net_score_fwd,A,-0.02599525561706685,0.13059895542717154,0.8424053836148877,230,0.06237121979193183
FOMC Stmt -> EURUSD [fwd/curr],EURUSD,net_score_curr,A,0.10798663425619007,0.12047882093403679,0.3710397809629131,230,0.06237121979193183
FOMC Stmt -> EURUSD [fwd/curr],EURUSD,net_score_fwd,B,-0.029160443678635302,0.1366284960073748,0.8311875864041443,230,0.06840888299792636
FOMC Stmt -> EURUSD [fwd/curr],EURUSD,net_score_curr,B,0.08982151855600658,0.12547043848524242,0.47481565796579694,230,0.06840888299792636
FOMC Stmt -> EURUSD [fwd/curr],EURUSD,net_score_fwd,C,-0.045766541105171685,0.1609030561087276,0.7763429922202513,230,0.07667939730977424
FOMC Stmt -> EURUSD [fwd/curr],EURUSD,net_score_curr,C,0.1741683080074115,0.13878320786181397,0.21081630129885534,230,0.07667939730977424
FOMC Stmt -> DXY [fwd/curr],DXY,net_score_fwd,A,0.002060461803467483,0.1225380740854963,0.9865983942424683,242,0.09684976056643213
FOMC Stmt -> DXY [fwd/curr],DXY,net_score_curr,A,-0.08244049470651191,0.10635970562510605,0.43904395871357993,242,0.09684976056643213
FOMC Stmt -> DXY [fwd/curr],DXY,net_score_fwd,B,0.017770333572054094,0.1307122256165301,0.8919771536278607,242,0.10874190574732656
FOMC Stmt -> DXY [fwd/curr],DXY,net_score_curr,B,-0.03378709530972017,0.11262504641382974,0.7644451838224475,242,0.10874190574732656
FOMC Stmt -> DXY [fwd/curr],DXY,net_score_fwd,C,0.024252228096873253,0.150536012489241,0.8721496557004249,242,0.1208286202552592
FOMC Stmt -> DXY [fwd/curr],DXY,net_score_curr,C,-0.14287521576262607,0.12685845636612159,0.26121543666250274,242,0.1208286202552592
FOMC Stmt -> UST2Y [fwd/curr],UST2Y,net_score_fwd,A,0.012920728642522684,0.016526280753595666,0.4350920522305116,242,0.19177097521810416
FOMC Stmt -> UST2Y [fwd/curr],UST2Y,net_score_curr,A,0.007051921976751124,0.018025565572348325,0.6959862640988062,242,0.19177097521810416
FOMC Stmt -> UST2Y [fwd/curr],UST2Y,net_score_fwd,B,0.0166945790840574,0.01930593588978394,0.3880643716940716,242,0.19295378405521668
FOMC Stmt -> UST2Y [fwd/curr],UST2Y,net_score_curr,B,0.007003352019569045,0.01757849089196702,0.6906936828844317,242,0.19295378405521668
FOMC Stmt -> UST2Y [fwd/curr],UST2Y,net_score_fwd,C,0.014005434843695496,0.02080957876254665,0.5015962777350604,242,0.19332273494913343
FOMC Stmt -> UST2Y [fwd/curr],UST2Y,net_score_curr,C,0.004837939202117211,0.020910114986292902,0.8172316885851536,242,0.19332273494913343
FOMC Stmt -> UST10Y [fwd/curr],UST10Y,net_score_fwd,A,-0.0034924889281331335,0.015936086481300456,0.8267163603659713,242,0.02259806116847829
FOMC Stmt -> UST10Y [fwd/curr],UST10Y,net_score_curr,A,0.008532155521760502,0.013148673061948224,0.5170295724461165,242,0.02259806116847829
FOMC Stmt -> UST10Y [fwd/curr],UST10Y,net_score_fwd,B,-0.0017113932105527452,0.0155605210826035,0.9125166996775279,242,0.025711484401163
FOMC Stmt -> UST10Y [fwd/curr],UST10Y,net_score_curr,B,0.005892865591711269,0.013508398352655592,0.6630651503043843,242,0.025711484401163
FOMC Stmt -> UST10Y [fwd/curr],UST10Y,net_score_fwd,C,-0.012877411607788172,0.017862033829728712,0.4716706336761247,242,0.03324227836007976
FOMC Stmt -> UST10Y [fwd/curr],UST10Y,net_score_curr,C,5.15603053514762e-4,0.015528995202267394,0.9735414478752211,242,0.03324227836007976
FOMC Stmt -> TIPS5Y [fwd/curr],TIPS5Y,net_score_fwd,A,0.008809729688040268,0.02413891888762273,0.715589936843813,176,0.032043220469945344
FOMC Stmt -> TIPS5Y [fwd/curr],TIPS5Y,net_score_curr,A,-0.013598380712485139,0.019294062828011087,0.4818903838709142,176,0.032043220469945344
FOMC Stmt -> TIPS5Y [fwd/curr],TIPS5Y,net_score_fwd,B,0.009915524379540182,0.026367799987703545,0.7073538092325349,176,0.03716290415788426
FOMC Stmt -> TIPS5Y [fwd/curr],TIPS5Y,net_score_curr,B,-0.013903688922774923,0.01955358320101606,0.4780298703032487,176,0.03716290415788426
FOMC Stmt -> TIPS5Y [fwd/curr],TIPS5Y,net_score_fwd,C,0.001146234960834332,0.029466614400827408,0.9690170216547997,176,0.04493645903409982
FOMC Stmt -> TIPS5Y [fwd/curr],TIPS5Y,net_score_curr,C,-0.02855447808594718,0.02092074156805658,0.1741241885313099,176,0.04493645903409982
FOMC Stmt -> TIPS10Y [fwd/curr],TIPS10Y,net_score_fwd,A,-0.008656710735978013,0.018883752153866104,0.6472286103213796,176,0.02130630504446618
FOMC Stmt -> TIPS10Y [fwd/curr],TIPS10Y,net_score_curr,A,0.01354753562134036,0.01440230294798073,0.34820310952275124,176,0.02130630504446618
FOMC Stmt -> TIPS10Y [fwd/curr],TIPS10Y,net_score_fwd,B,-0.00799976244237122,0.019505831784382553,0.6822361981858929,176,0.02635703718224358
FOMC Stmt -> TIPS10Y [fwd/curr],TIPS10Y,net_score_curr,B,0.013020257244931211,0.01462865153071697,0.374703347952962,176,0.02635703718224358
FOMC Stmt -> TIPS10Y [fwd/curr],TIPS10Y,net_score_fwd,C,-0.014480179080273358,0.022102020647623496,0.5132714344007883,176,0.030970764309633858
FOMC Stmt -> TIPS10Y [fwd/curr],TIPS10Y,net_score_curr,C,0.004244260441986714,0.015699071664962025,0.787224016620802,176,0.030970764309633858
FOMC PC -> SP500 [fwd/curr],SP500,net_score_fwd,A,-0.46315681100263995,0.7105929439618396,0.5162553684980349,91,0.05489748200638589
FOMC PC -> SP500 [fwd/curr],SP500,net_score_curr,A,0.9393086634432658,0.7738870529739558,0.2281263551332896,91,0.05489748200638589
FOMC PC -> SP500 [fwd/curr],SP500,net_score_fwd,B,-0.4085542072737703,0.6764342308783985,0.5474641318477517,91,0.08854047365585516
FOMC PC -> SP500 [fwd/curr],SP500,net_score_curr,B,1.2304302192640328,0.9423472515839741,0.1951748391231239,91,0.08854047365585516
FOMC PC -> SP500 [fwd/curr],SP500,net_score_fwd,C,-0.40781795133825266,0.686851390475047,0.5542749704212062,91,0.0885422668651834
FOMC PC -> SP500 [fwd/curr],SP500,net_score_curr,C,1.2255078842557479,1.0178598202193747,0.2319696353779295,91,0.0885422668651834
FOMC PC -> EURUSD [fwd/curr],EURUSD,net_score_fwd,A,0.427994066036536,0.19872187323241425,0.03402682776176887,91,0.08950620617975835
FOMC PC -> EURUSD [fwd/curr],EURUSD,net_score_curr,A,-0.11247214453994653,0.13087716406860142,0.3924971810171579,91,0.08950620617975835
FOMC PC -> EURUSD [fwd/curr],EURUSD,net_score_fwd,B,0.46072979056823726,0.21372576355532524,0.033933222416208025,91,0.10470192834775771
FOMC PC -> EURUSD [fwd/curr],EURUSD,net_score_curr,B,-0.12467658962844828,0.13470814918237461,0.3573099735265961,91,0.10470192834775771
FOMC PC -> EURUSD [fwd/curr],EURUSD,net_score_fwd,C,0.44165956367857095,0.21582355445684107,0.043844935456045196,91,0.11685644179741517
FOMC PC -> EURUSD [fwd/curr],EURUSD,net_score_curr,C,0.00281989753921073,0.1950293778507672,0.9884982074549297,91,0.11685644179741517
FOMC PC -> DXY [fwd/curr],DXY,net_score_fwd,A,-0.43008369533686847,0.19888002866979726,0.033321574400653746,91,0.09251191495367728
FOMC PC -> DXY [fwd/curr],DXY,net_score_curr,A,0.1262861157118035,0.1278905585214947,0.3261581718971206,91,0.09251191495367728
FOMC PC -> DXY [fwd/curr],DXY,net_score_fwd,B,-0.46227209179486684,0.21375329625563735,0.03337767163320487,91,0.10666957974101765
FOMC PC -> DXY [fwd/curr],DXY,net_score_curr,B,0.1322526641034433,0.13036374377652493,0.3132282514098089,91,0.10666957974101765
FOMC PC -> DXY [fwd/curr],DXY,net_score_fwd,C,-0.4470872677812912,0.2159030684536472,0.04144957365930683,91,0.11489912793163803
FOMC PC -> DXY [fwd/curr],DXY,net_score_curr,C,0.030732544222802836,0.18358642692342553,0.8674569225422828,91,0.11489912793163803
FOMC PC -> UST2Y [fwd/curr],UST2Y,net_score_fwd,A,-0.05882980040102977,0.03486289128208649,0.09509685110771075,91,0.06896109550859297
FOMC PC -> UST2Y [fwd/curr],UST2Y,net_score_curr,A,0.019224468199459763,0.025288336157815356,0.4491838284769022,91,0.06896109550859297
FOMC PC -> UST2Y [fwd/curr],UST2Y,net_score_fwd,B,-0.06226206177017285,0.03685310412461296,0.09479517177112999,91,0.07923164914381742
FOMC PC -> UST2Y [fwd/curr],UST2Y,net_score_curr,B,0.022346493091213147,0.029294371462647045,0.44767934687454747,91,0.07923164914381742
FOMC PC -> UST2Y [fwd/curr],UST2Y,net_score_fwd,C,-0.06282602968647773,0.037477198685629674,0.09738197977859224,91,0.07969740627450606
FOMC PC -> UST2Y [fwd/curr],UST2Y,net_score_curr,C,0.02611697409388578,0.032948521713657454,0.430209034560012,91,0.07969740627450606
FOMC PC -> UST10Y [fwd/curr],UST10Y,net_score_fwd,A,-0.07290732589034005,0.03180142314953296,0.024284761520812485,91,0.08715256899035917
FOMC PC -> UST10Y [fwd/curr],UST10Y,net_score_curr,A,0.053512875955813076,0.03268552983741927,0.10520020343382185,91,0.08715256899035917
FOMC PC -> UST10Y [fwd/curr],UST10Y,net_score_fwd,B,-0.07453279247710028,0.03203358610074996,0.022360136121930434,91,0.1150962354645867
FOMC PC -> UST10Y [fwd/curr],UST10Y,net_score_curr,B,0.06333624328717988,0.03866962686008457,0.10514343403133246,91,0.1150962354645867
FOMC PC -> UST10Y [fwd/curr],UST10Y,net_score_fwd,C,-0.07495735039006994,0.032438043238814586,0.023295804592057243,91,0.11540568374945859
FOMC PC -> UST10Y [fwd/curr],UST10Y,net_score_curr,C,0.0661746805441695,0.041944052045221634,0.11839574516004231,91,0.11540568374945859
FOMC PC -> TIPS5Y [fwd/curr],TIPS5Y,net_score_fwd,A,-0.0899218638935638,0.041099843071588094,0.031358631568508585,91,0.08627443215300856
FOMC PC -> TIPS5Y [fwd/curr],TIPS5Y,net_score_curr,A,0.03176231211978408,0.030794647888684534,0.30520126025132027,91,0.08627443215300856
FOMC PC -> TIPS5Y [fwd/curr],TIPS5Y,net_score_fwd,B,-0.09594125910487808,0.043911737977069897,0.031651102411533905,91,0.1023583771040476
FOMC PC -> TIPS5Y [fwd/curr],TIPS5Y,net_score_curr,B,0.03521697625162677,0.03386326845300656,0.3013003782685751,91,0.1023583771040476
FOMC PC -> TIPS5Y [fwd/curr],TIPS5Y,net_score_fwd,C,-0.09580137048220135,0.04483712115185701,0.03553500155238129,91,0.10237650207710536
FOMC PC -> TIPS5Y [fwd/curr],TIPS5Y,net_score_curr,C,0.03428173263396102,0.04049531361897228,0.3996454908785476,91,0.10237650207710536
FOMC PC -> TIPS10Y [fwd/curr],TIPS10Y,net_score_fwd,A,-0.07236834275706144,0.03212661238642965,0.026800623629756846,91,0.08256264600265084
FOMC PC -> TIPS10Y [fwd/curr],TIPS10Y,net_score_curr,A,0.030977286055900638,0.029892775944763698,0.30294331081021275,91,0.08256264600265084
FOMC PC -> TIPS10Y [fwd/curr],TIPS10Y,net_score_fwd,B,-0.07428398678849897,0.03347808878467985,0.02915912557522697,91,0.10501189615423034
FOMC PC -> TIPS10Y [fwd/curr],TIPS10Y,net_score_curr,B,0.03998796888136845,0.03367116776658439,0.23829808640066324,91,0.10501189615423034
FOMC PC -> TIPS10Y [fwd/curr],TIPS10Y,net_score_fwd,C,-0.07474064873770221,0.03412676565963339,0.031289785945014685,91,0.1053290664388109
FOMC PC -> TIPS10Y [fwd/curr],TIPS10Y,net_score_curr,C,0.04304104185650464,0.03793685807444989,0.2597935972475417,91,0.1053290664388109
ECB Stmt -> SX5E [fwd/curr],SX5E,net_score_fwd,A,-0.47773944433122983,0.23485800274341298,0.04299513361304589,253,0.2097154302760873
ECB Stmt -> SX5E [fwd/curr],SX5E,net_score_curr,A,0.8057869875599571,0.3760677346714506,0.033109881313156474,253,0.2097154302760873
ECB Stmt -> SX5E [fwd/curr],SX5E,net_score_fwd,B,-0.33613923193880463,0.24888825836173115,0.17807658699452067,253,0.22363726368782477
ECB Stmt -> SX5E [fwd/curr],SX5E,net_score_curr,B,0.8500594516919785,0.37503302672810257,0.0242820595000234,253,0.22363726368782477
ECB Stmt -> SX5E [fwd/curr],SX5E,net_score_fwd,C,-0.4556523521329291,0.2251173082397259,0.044053100150497425,253,0.23401891497948957
ECB Stmt -> SX5E [fwd/curr],SX5E,net_score_curr,C,0.8331602035562881,0.3752255307562896,0.02730909814830742,253,0.23401891497948957
ECB Stmt -> EURUSD [fwd/curr],EURUSD,net_score_fwd,A,0.12733273974051162,0.14021603686087664,0.36469382136209993,253,0.007098933709369204
ECB Stmt -> EURUSD [fwd/curr],EURUSD,net_score_curr,A,-0.15393413677442339,0.22257456777704948,0.48982848163130366,253,0.007098933709369204
ECB Stmt -> EURUSD [fwd/curr],EURUSD,net_score_fwd,B,0.10758685588635064,0.15639449020488738,0.49215145908417646,253,0.028392435799355464
ECB Stmt -> EURUSD [fwd/curr],EURUSD,net_score_curr,B,-0.1444424165877606,0.22839508762133498,0.527697555998593,253,0.028392435799355464
ECB Stmt -> EURUSD [fwd/curr],EURUSD,net_score_fwd,C,0.1620919427701231,0.1732691722340449,0.3504596718148477,253,0.03330894486903202
ECB Stmt -> EURUSD [fwd/curr],EURUSD,net_score_curr,C,-0.13535141625770697,0.2221073915975797,0.5428288239294574,253,0.03330894486903202
ECB Stmt -> SX7E [fwd/curr],SX7E,net_score_fwd,A,-0.8412479456850591,0.44358774409264573,0.059056253420447964,253,0.08958048226939364
ECB Stmt -> SX7E [fwd/curr],SX7E,net_score_curr,A,1.2254023205812474,0.735576921846098,0.09698955433768881,253,0.08958048226939364
ECB Stmt -> SX7E [fwd/curr],SX7E,net_score_fwd,B,-0.5936390986973018,0.4238601914559213,0.16260754148780185,253,0.10357733956027926
ECB Stmt -> SX7E [fwd/curr],SX7E,net_score_curr,B,1.3100218673043773,0.7480871929200268,0.0811643590394769,253,0.10357733956027926
ECB Stmt -> SX7E [fwd/curr],SX7E,net_score_fwd,C,-0.8640533349518317,0.43088544002055673,0.046035717235234794,253,0.12297483708389112
ECB Stmt -> SX7E [fwd/curr],SX7E,net_score_curr,C,1.2674097549807737,0.7207267937819022,0.07991333446393481,253,0.12297483708389112
ECB Stmt -> OIS_MP2 [fwd/curr],OIS_MP2,net_score_fwd,A,0.8694123458942687,2.3302164416299287,0.709400594816728,244,0.21594182957102026
ECB Stmt -> OIS_MP2 [fwd/curr],OIS_MP2,net_score_curr,A,-2.609784872523641,5.05793987197243,0.6063449141450076,244,0.21594182957102026
ECB Stmt -> OIS_MP2 [fwd/curr],OIS_MP2,net_score_fwd,B,-0.07257683580231583,2.063645794812539,0.9719743998651448,244,0.2342376725803298
ECB Stmt -> OIS_MP2 [fwd/curr],OIS_MP2,net_score_curr,B,-3.019155826663847,5.259166496768399,0.5664615006104943,244,0.2342376725803298
ECB Stmt -> OIS_MP2 [fwd/curr],OIS_MP2,net_score_fwd,C,0.012929170516681965,2.5049106316692256,0.9958860923525297,244,0.23739968101668374
ECB Stmt -> OIS_MP2 [fwd/curr],OIS_MP2,net_score_curr,C,-3.036650210019924,5.1972870861727385,0.559595078798893,244,0.23739968101668374
ECB Stmt -> OIS_10Y [fwd/curr],OIS_10Y,net_score_fwd,A,0.5795079536856601,1.4374081200941637,0.6876189627827162,113,0.03192570700539299
ECB Stmt -> OIS_10Y [fwd/curr],OIS_10Y,net_score_curr,A,-2.6708973394535422,3.1969317817531056,0.40528831688221467,113,0.03192570700539299
ECB Stmt -> OIS_10Y [fwd/curr],OIS_10Y,net_score_fwd,B,0.44419689307777144,1.4342965406974795,0.7573939417526645,113,0.035329259701050275
ECB Stmt -> OIS_10Y [fwd/curr],OIS_10Y,net_score_curr,B,-2.826464419862714,3.335266370732497,0.39863712169452115,113,0.035329259701050275
ECB Stmt -> OIS_10Y [fwd/curr],OIS_10Y,net_score_fwd,C,0.8850195484721921,1.6022989296205872,0.5818757621773314,113,0.044747108110994804
ECB Stmt -> OIS_10Y [fwd/curr],OIS_10Y,net_score_curr,C,-2.7514373261799,3.285839588607875,0.40427309531811195,113,0.044747108110994804
ECB Stmt -> DE2Y [fwd/curr],DE2Y,net_score_fwd,A,0.9485723619044791,2.0585321554209446,0.6453440465840949,253,0.12413655917341326
ECB Stmt -> DE2Y [fwd/curr],DE2Y,net_score_curr,A,-3.040920842925157,4.417562702189062,0.49186017112637115,253,0.12413655917341326
ECB Stmt -> DE2Y [fwd/curr],DE2Y,net_score_fwd,B,0.2065781057308942,2.1364232923416258,0.9230485820465727,253,0.13184132616092825
ECB Stmt -> DE2Y [fwd/curr],DE2Y,net_score_curr,B,-3.3169175037940475,4.516845939251436,0.4634386454132796,253,0.13184132616092825
ECB Stmt -> DE2Y [fwd/curr],DE2Y,net_score_fwd,C,0.2148817428179825,2.346276623457963,0.9271035910545773,253,0.13608022982169043
ECB Stmt -> DE2Y [fwd/curr],DE2Y,net_score_curr,C,-3.355750810240243,4.497175395065426,0.4562704851163949,253,0.13608022982169043
ECB Stmt -> DE10Y [fwd/curr],DE10Y,net_score_fwd,A,1.0383813415628804,1.5199175489867205,0.4951265923386341,253,0.0488251690737761
ECB Stmt -> DE10Y [fwd/curr],DE10Y,net_score_curr,A,-2.749544749093771,3.3074797437801187,0.4065943425915567,253,0.0488251690737761
ECB Stmt -> DE10Y [fwd/curr],DE10Y,net_score_fwd,B,0.6640514217579443,1.6356105050804721,0.6850984209431763,253,0.059228487229231463
ECB Stmt -> DE10Y [fwd/curr],DE10Y,net_score_curr,B,-2.8624647907341845,3.384081392786143,0.39845191720624384,253,0.059228487229231463
ECB Stmt -> DE10Y [fwd/curr],DE10Y,net_score_fwd,C,0.667456796648008,1.7979262721062381,0.7107831347355849,253,0.06317030040629223
ECB Stmt -> DE10Y [fwd/curr],DE10Y,net_score_curr,C,-2.8894955700517815,3.3794101936246053,0.39337355542568053,253,0.06317030040629223
ECB Stmt -> IT10Y_spread [fwd/curr],IT10Y_spread,net_score_fwd,A,4.337855077274002,2.2371911801680353,0.05373317822907646,233,0.0743327120667483
ECB Stmt -> IT10Y_spread [fwd/curr],IT10Y_spread,net_score_curr,A,-6.538589578645093,3.468273699744012,0.0606611811835832,233,0.0743327120667483
ECB Stmt -> IT10Y_spread [fwd/curr],IT10Y_spread,net_score_fwd,B,4.18020469700264,2.304283595831971,0.07098817003860781,233,0.10368384009260223
ECB Stmt -> IT10Y_spread [fwd/curr],IT10Y_spread,net_score_curr,B,-6.327543634858475,3.428593719303868,0.06626981262568458,233,0.10368384009260223
ECB Stmt -> IT10Y_spread [fwd/curr],IT10Y_spread,net_score_fwd,C,3.818380056669638,1.9562207236458404,0.05219433966837092,233,0.10780646477603184
ECB Stmt -> IT10Y_spread [fwd/curr],IT10Y_spread,net_score_curr,C,-6.429149148200515,3.6151082514068604,0.07669269450391962,233,0.10780646477603184
ECB PC -> SX5E [fwd/curr],SX5E,net_score_fwd,A,0.09754623705714825,0.18590719524481827,0.600275362271911,243,0.012011343576271316
ECB PC -> SX5E [fwd/curr],SX5E,net_score_curr,A,0.11243907639692227,0.17830085962590078,0.5288952574642432,243,0.012011343576271316
ECB PC -> SX5E [fwd/curr],SX5E,net_score_fwd,B,0.08837200429346123,0.23567320727416435,0.708014417892867,243,0.01237990697287017
ECB PC -> SX5E [fwd/curr],SX5E,net_score_curr,B,0.09733242152764882,0.17488637126155485,0.578364567625212,243,0.01237990697287017
ECB PC -> SX5E [fwd/curr],SX5E,net_score_fwd,C,0.10039328533009469,0.24450078668067474,0.6817378068475075,243,0.013039409741028907
ECB PC -> SX5E [fwd/curr],SX5E,net_score_curr,C,0.10532099120583206,0.18231701932514213,0.5640352733745164,243,0.013039409741028907
ECB PC -> EURUSD [fwd/curr],EURUSD,net_score_fwd,A,0.08969586232370501,0.13676680110413558,0.5125639193175495,243,0.018698592306423123
ECB PC -> EURUSD [fwd/curr],EURUSD,net_score_curr,A,-0.07679061815748854,0.12167518504303071,0.5285706549639106,243,0.018698592306423123
ECB PC -> EURUSD [fwd/curr],EURUSD,net_score_fwd,B,0.012381383169708772,0.14534890491424307,0.9321874286287406,243,0.0334586834628704
ECB PC -> EURUSD [fwd/curr],EURUSD,net_score_curr,B,-0.13340923623347725,0.12712208736748415,0.2950410750216016,243,0.0334586834628704
ECB PC -> EURUSD [fwd/curr],EURUSD,net_score_fwd,C,0.0266383317774737,0.18039187669673615,0.88273096651554,243,0.03370643229318304
ECB PC -> EURUSD [fwd/curr],EURUSD,net_score_curr,C,-0.12650757146031685,0.13489862057553714,0.34931547275307184,243,0.03370643229318304
ECB PC -> SX7E [fwd/curr],SX7E,net_score_fwd,A,0.1472366099786825,0.34947109022017553,0.6739054069680059,243,0.01832661896507004
ECB PC -> SX7E [fwd/curr],SX7E,net_score_curr,A,0.30228619467573803,0.30538212586630487,0.3232425956333089,243,0.01832661896507004
ECB PC -> SX7E [fwd/curr],SX7E,net_score_fwd,B,0.11188952334935506,0.46241551684953297,0.8090154781227372,243,0.0211323216941941
ECB PC -> SX7E [fwd/curr],SX7E,net_score_curr,B,0.25231587221344665,0.30071030308116603,0.4022812258339872,243,0.0211323216941941
ECB PC -> SX7E [fwd/curr],SX7E,net_score_fwd,C,-0.07460623311648597,0.4596572707757252,0.871203073725511,243,0.026904205442227158
ECB PC -> SX7E [fwd/curr],SX7E,net_score_curr,C,0.15971975856906817,0.31539259401975994,0.6130416656385187,243,0.026904205442227158
ECB PC -> OIS_MP2 [fwd/curr],OIS_MP2,net_score_fwd,A,0.9141451914671989,1.4169982382640682,0.5194844740634109,235,0.07758847590697548
ECB PC -> OIS_MP2 [fwd/curr],OIS_MP2,net_score_curr,A,-1.6952142647201385,1.063549492362225,0.11232095943396465,235,0.07758847590697548
ECB PC -> OIS_MP2 [fwd/curr],OIS_MP2,net_score_fwd,B,0.9775033985136873,1.6985316845090233,0.565521361235851,235,0.08508136918413123
ECB PC -> OIS_MP2 [fwd/curr],OIS_MP2,net_score_curr,B,-1.3411266565610536,1.1096583933418602,0.22807074274886885,235,0.08508136918413123
ECB PC -> OIS_MP2 [fwd/curr],OIS_MP2,net_score_fwd,C,0.5269628140898412,1.995006471182263,0.7919120548077536,235,0.0874444299723981
ECB PC -> OIS_MP2 [fwd/curr],OIS_MP2,net_score_curr,C,-1.559561347513814,1.131800932751615,0.16958254650732998,235,0.0874444299723981
ECB PC -> OIS_10Y [fwd/curr],OIS_10Y,net_score_fwd,A,0.5410709237572008,1.550590307747463,0.727856912801176,105,0.032297229441760944
ECB PC -> OIS_10Y [fwd/curr],OIS_10Y,net_score_curr,A,-1.427276820218612,1.0195762435654392,0.16461566552833162,105,0.032297229441760944
ECB PC -> OIS_10Y [fwd/curr],OIS_10Y,net_score_fwd,B,0.7729300463576064,1.546845071115042,0.6184080331615116,105,0.037950765929868235
ECB PC -> OIS_10Y [fwd/curr],OIS_10Y,net_score_curr,B,-1.529920791554821,1.0565491349291647,0.15076671244086362,105,0.037950765929868235
ECB PC -> OIS_10Y [fwd/curr],OIS_10Y,net_score_fwd,C,0.15901567354665047,1.8221633572491955,0.9306369394582961,105,0.04197849779467877
ECB PC -> OIS_10Y [fwd/curr],OIS_10Y,net_score_curr,C,-1.7703727230137245,1.1284035768459446,0.11989037284687878,105,0.04197849779467877
ECB PC -> DE2Y [fwd/curr],DE2Y,net_score_fwd,A,1.4902441017361456,1.5645439008652247,0.34180057652417883,243,0.06368710880585238
ECB PC -> DE2Y [fwd/curr],DE2Y,net_score_curr,A,-1.7989498738735719,1.1710558720879884,0.12581758144056948,243,0.06368710880585238
ECB PC -> DE2Y [fwd/curr],DE2Y,net_score_fwd,B,1.5539955380158788,1.9129071278152614,0.4173958943683548,243,0.07433151565836915
ECB PC -> DE2Y [fwd/curr],DE2Y,net_score_curr,B,-1.3432436605027498,1.2186068100260141,0.2714635919024974,243,0.07433151565836915
ECB PC -> DE2Y [fwd/curr],DE2Y,net_score_fwd,C,1.0833354003799767,2.139914886944862,0.6131566406286932,243,0.0784956714635121
ECB PC -> DE2Y [fwd/curr],DE2Y,net_score_curr,C,-1.5586138398241707,1.216561193126416,0.20140442617712281,243,0.0784956714635121
ECB PC -> DE10Y [fwd/curr],DE10Y,net_score_fwd,A,0.5258434423404378,0.9703930226617661,0.5884011305301837,243,0.01479832199577702
ECB PC -> DE10Y [fwd/curr],DE10Y,net_score_curr,A,-1.254799261353738,0.8491792972129449,0.140815051423577,243,0.01479832199577702
ECB PC -> DE10Y [fwd/curr],DE10Y,net_score_fwd,B,0.11188021915815549,1.1614838185431446,0.9233440047258439,243,0.02317682864489612
ECB PC -> DE10Y [fwd/curr],DE10Y,net_score_curr,B,-1.4362953553251832,0.8302548072544645,0.08494743275697236,243,0.02317682864489612
ECB PC -> DE10Y [fwd/curr],DE10Y,net_score_fwd,C,-0.23487275344977374,1.3264025226464538,0.8596026360272335,243,0.024975389626694766
ECB PC -> DE10Y [fwd/curr],DE10Y,net_score_curr,C,-1.6110071208705397,0.8871994510993191,0.0706756295341237,243,0.024975389626694766
ECB PC -> IT10Y_spread [fwd/curr],IT10Y_spread,net_score_fwd,A,-1.3573300517010194,1.9746436576733102,0.4925808509770544,220,0.00904829253685635
ECB PC -> IT10Y_spread [fwd/curr],IT10Y_spread,net_score_curr,A,-0.23990497254586585,1.6463404996536422,0.8842782146183901,220,0.00904829253685635
ECB PC -> IT10Y_spread [fwd/curr],IT10Y_spread,net_score_fwd,B,-0.9791090175636231,2.728997784581964,0.7201152662968867,220,0.01228166386028684
ECB PC -> IT10Y_spread [fwd/curr],IT10Y_spread,net_score_curr,B,0.0067178481649065374,1.6326790732408003,0.9967208713594673,220,0.01228166386028684
ECB PC -> IT10Y_spread [fwd/curr],IT10Y_spread,net_score_fwd,C,-0.4962548715693719,2.665374225844501,0.8524779234198734,220,0.01691841397889049
ECB PC -> IT10Y_spread [fwd/curr],IT10Y_spread,net_score_curr,C,0.2658923137645771,1.733645809798009,0.8782516897517105,220,0.01691841397889049
FOMC stmt | SP500,SP500,net_score,A,-0.09173459580476981,0.14701111185940047,0.5332501963547565,232,0.050879048004698224
FOMC stmt | SP500,SP500,net_score,B,-0.01145813092985043,0.18831857045846873,0.95153689894956,232,0.057724586729929306
FOMC stmt | SP500,SP500,net_score,C,0.06046874202656656,0.1846582376408577,0.7436235489693824,232,0.06182656457384694
FOMC stmt | EURUSD,EURUSD,net_score,A,0.05712415707086159,0.1005055068903403,0.5703466377049979,230,0.061153245659655964
FOMC stmt | EURUSD,EURUSD,net_score,B,0.05049638413579697,0.10659092580597182,0.6361467323372288,230,0.0675908012962001
FOMC stmt | EURUSD,EURUSD,net_score,C,0.09371892262964698,0.12126675787724221,0.4404434077992382,230,0.07373549153009884
FOMC stmt | UST2Y,UST2Y,net_score,A,0.010762023571314793,0.014576117815383594,0.46103671582138095,242,0.19118125408607367
FOMC stmt | UST2Y,UST2Y,net_score,B,0.012622303816750877,0.01512923558103085,0.4049562888963312,242,0.19214974761220194
FOMC stmt | UST2Y,UST2Y,net_score,C,0.009246724538414991,0.018378310167252245,0.6153443892238907,242,0.19267781819934648
FOMC stmt | UST10Y,UST10Y,net_score,A,0.002686201787978129,0.012054648434510802,0.8238539793996433,242,0.021868710804881508
FOMC stmt | UST10Y,UST10Y,net_score,B,0.0023187421804426265,0.011105105561790252,0.8347847474794172,242,0.02541303249374316
FOMC stmt | UST10Y,UST10Y,net_score,C,-0.008126507763726346,0.013434403893370686,0.5458297534217037,242,0.03273422917168001
ECB stmt | SX5E,SX5E,net_score,A,-0.08172304850522748,0.10877714617190533,0.4531855129768907,253,0.17817786767030674
ECB stmt | SX5E,SX5E,net_score,B,0.08065977028141356,0.1450192963373256,0.578577472421138,253,0.19523517974085158
ECB stmt | SX5E,SX5E,net_score,C,-0.005675388539648472,0.15468041690107975,0.9707612139363214,253,0.20226890465576763
ECB stmt | EURUSD,EURUSD,net_score,A,0.05970821815199492,0.07441476132179287,0.42310067777056637,253,0.0043850312304769545
ECB stmt | EURUSD,EURUSD,net_score,B,0.04158539430975163,0.11511227069093148,0.718214322348268,253,0.02574128862674052
ECB stmt | EURUSD,EURUSD,net_score,C,0.0895608048936162,0.12491541178925702,0.4740745589796964,253,0.030302377285342685
ECB stmt | OIS_MP2,OIS_MP2,net_score,A,-0.40361603862534845,0.7444468231550612,0.5882029923949088,244,0.21025315696501634
ECB stmt | OIS_MP2,OIS_MP2,net_score,B,-1.4401616858890995,1.412297740883989,0.30889219714983374,244,0.23004007917838998
ECB stmt | OIS_MP2,OIS_MP2,net_score,C,-1.4512608741373736,1.36533373506773,0.2888979073167404,244,0.23304242418076027
ECB stmt | OIS_10Y,OIS_10Y,net_score,A,-0.6497242597012076,0.7540568450651352,0.3907610003681985,113,0.015840093379601794
ECB stmt | OIS_10Y,OIS_10Y,net_score,B,-0.7899509284981641,1.0115174701214347,0.4365366841402242,113,0.01819835991125829
ECB stmt | OIS_10Y,OIS_10Y,net_score,C,-0.43635912656774883,1.043730964590526,0.6767292168688547,113,0.02522528350777853
FOMC stmt | UST2Y FE  fwd+curr,UST2Y,net_score_fwd,A,0.012920728642522684,0.016526280753595666,0.4350920522305116,242,0.19177097521810416
FOMC stmt | UST2Y FE  fwd+curr,UST2Y,net_score_curr,A,0.007051921976751124,0.018025565572348325,0.6959862640988062,242,0.19177097521810416
FOMC stmt | UST2Y FE  fwd+curr,UST2Y,net_score_fwd,B,0.0166945790840574,0.01930593588978394,0.3880643716940716,242,0.19295378405521668
FOMC stmt | UST2Y FE  fwd+curr,UST2Y,net_score_curr,B,0.007003352019569045,0.01757849089196702,0.6906936828844317,242,0.19295378405521668
FOMC stmt | UST2Y FE  fwd+curr,UST2Y,net_score_fwd,C,0.014005434843695496,0.02080957876254665,0.5015962777350604,242,0.19332273494913343
FOMC stmt | UST2Y FE  fwd+curr,UST2Y,net_score_curr,C,0.004837939202117211,0.020910114986292902,0.8172316885851536,242,0.19332273494913343
FOMC stmt | UST10Y FE fwd+curr,UST10Y,net_score_fwd,A,-0.0034924889281331335,0.015936086481300456,0.8267163603659713,242,0.02259806116847829
FOMC stmt | UST10Y FE fwd+curr,UST10Y,net_score_curr,A,0.008532155521760502,0.013148673061948224,0.5170295724461165,242,0.02259806116847829
FOMC stmt | UST10Y FE fwd+curr,UST10Y,net_score_fwd,B,-0.0017113932105527452,0.0155605210826035,0.9125166996775279,242,0.025711484401163
FOMC stmt | UST10Y FE fwd+curr,UST10Y,net_score_curr,B,0.005892865591711269,0.013508398352655592,0.6630651503043843,242,0.025711484401163
FOMC stmt | UST10Y FE fwd+curr,UST10Y,net_score_fwd,C,-0.012877411607788172,0.017862033829728712,0.4716706336761247,242,0.03324227836007976
FOMC stmt | UST10Y FE fwd+curr,UST10Y,net_score_curr,C,5.15603053514762e-4,0.015528995202267394,0.9735414478752211,242,0.03324227836007976
ECB stmt | OIS_MP2 FE  fwd+curr,OIS_MP2,net_score_fwd,A,0.8694123458942687,2.3302164416299287,0.709400594816728,244,0.21594182957102026
ECB stmt | OIS_MP2 FE  fwd+curr,OIS_MP2,net_score_curr,A,-2.609784872523641,5.05793987197243,0.6063449141450076,244,0.21594182957102026
ECB stmt | OIS_MP2 FE  fwd+curr,OIS_MP2,net_score_fwd,B,-0.07257683580231583,2.063645794812539,0.9719743998651448,244,0.2342376725803298
ECB stmt | OIS_MP2 FE  fwd+curr,OIS_MP2,net_score_curr,B,-3.019155826663847,5.259166496768399,0.5664615006104943,244,0.2342376725803298
ECB stmt | OIS_MP2 FE  fwd+curr,OIS_MP2,net_score_fwd,C,0.012929170516681965,2.5049106316692256,0.9958860923525297,244,0.23739968101668374
ECB stmt | OIS_MP2 FE  fwd+curr,OIS_MP2,net_score_curr,C,-3.036650210019924,5.1972870861727385,0.559595078798893,244,0.23739968101668374
ECB stmt | OIS_10Y FE fwd+curr,OIS_10Y,net_score_fwd,A,0.5795079536856601,1.4374081200941637,0.6876189627827162,113,0.03192570700539299
ECB stmt | OIS_10Y FE fwd+curr,OIS_10Y,net_score_curr,A,-2.6708973394535422,3.1969317817531056,0.40528831688221467,113,0.03192570700539299
ECB stmt | OIS_10Y FE fwd+curr,OIS_10Y,net_score_fwd,B,0.44419689307777144,1.4342965406974795,0.7573939417526645,113,0.035329259701050275
ECB stmt | OIS_10Y FE fwd+curr,OIS_10Y,net_score_curr,B,-2.826464419862714,3.335266370732497,0.39863712169452115,113,0.035329259701050275
ECB stmt | OIS_10Y FE fwd+curr,OIS_10Y,net_score_fwd,C,0.8850195484721921,1.6022989296205872,0.5818757621773314,113,0.044747108110994804
ECB stmt | OIS_10Y FE fwd+curr,OIS_10Y,net_score_curr,C,-2.7514373261799,3.285839588607875,0.40427309531811195,113,0.044747108110994804
FOMC stmt | SP500  rf,SP500,rf_score,A,0.03699606409922249,0.09297015983593414,0.6910589133224263,226,0.05366741918866269
FOMC stmt | SP500  rf,SP500,rf_score,B,0.027213390889625377,0.09279337704574506,0.7695932426178371,226,0.06115015996974338
FOMC stmt | SP500  rf,SP500,rf_score,C,0.012264887251721847,0.09499755197607244,0.8973917008829624,226,0.06519345607714089
FOMC stmt | UST2Y  rf,UST2Y,rf_score,A,0.016597090318680053,0.007635853435756236,0.030749198936521012,235,0.2017838361959552
FOMC stmt | UST2Y  rf,UST2Y,rf_score,B,0.01745408970841296,0.00789131804561647,0.02796799961480854,235,0.203542088731277
FOMC stmt | UST2Y  rf,UST2Y,rf_score,C,0.017552576771485827,0.00799567278910792,0.02915820917136528,235,0.2039541924018634
FOMC stmt | UST10Y rf,UST10Y,rf_score,A,0.007580269387267919,0.005144971231240124,0.14201602174604025,235,0.024523915926533246
FOMC stmt | UST10Y rf,UST10Y,rf_score,B,0.008245476884035884,0.005478706520466449,0.1337009731173663,235,0.029691077625914275
FOMC stmt | UST10Y rf,UST10Y,rf_score,C,0.008943741903529617,0.005510346262111862,0.10595984103345654,235,0.03342347497465481
ECB stmt | SX5E    rf,SX5E,rf_score,A,0.37126688278612263,0.16903320180210124,0.02898462703759225,252,0.2083910685548237
ECB stmt | SX5E    rf,SX5E,rf_score,B,0.4094353961798108,0.19470982352869964,0.03649972342568813,252,0.2266788422603262
ECB stmt | SX5E    rf,SX5E,rf_score,C,0.42278824947057775,0.2575164661094498,0.10192151195646626,252,0.22800061249846038
ECB stmt | OIS_MP2 rf,OIS_MP2,rf_score,A,-0.7118932578297543,1.775414625764537,0.688796780135885,243,0.20806973946696872
ECB stmt | OIS_MP2 rf,OIS_MP2,rf_score,B,-0.3038122859857766,1.7926050064625072,0.8655629753483446,243,0.21735075871026877
ECB stmt | OIS_MP2 rf,OIS_MP2,rf_score,C,0.19323424075685036,2.8873703213728654,0.9466991448444253,243,0.22078037969708642
ECB stmt | OIS_10Y rf,OIS_10Y,rf_score,A,-0.6278860746791057,1.4963102604798846,0.6755793581243196,113,0.013531402284238214
ECB stmt | OIS_10Y rf,OIS_10Y,rf_score,B,-0.7236391391367976,1.592251974821645,0.6503989204905523,113,0.014482947953102121
ECB stmt | OIS_10Y rf,OIS_10Y,rf_score,C,0.21162412823574278,2.8249343823397326,0.9404238621500405,113,0.023409068218881557
