event_id,meeting_date,central_bank,event_type,source,n_sentences,n_hawk,n_dove,n_neutral,n_stance,bert_score,bert_label,n_sentences_fwd,n_hawk_fwd,n_dove_fwd,n_stance_fwd,bert_score_fwd,bert_label_fwd
ecb_stmt_19990107,1999-01-07,ECB,statement,ecb_statements,8,0,0,8,0,0,neutral,5,0,0,0,0,neutral
ecb_stmt_19990304,1999-03-04,ECB,statement,ecb_statements,6,0,0,6,0,0,neutral,4,0,0,0,0,neutral
ecb_stmt_19990408,1999-04-08,ECB,statement,ecb_statements,2,0,0,2,0,0,neutral,1,0,0,0,0,neutral
ecb_stmt_19990506,1999-05-06,ECB,statement,ecb_statements,3,0,0,3,0,0,neutral,2,0,0,0,0,neutral
ecb_stmt_19990617,1999-06-17,ECB,statement,ecb_statements,2,0,0,2,0,0,neutral,1,0,0,0,0,neutral
ecb_stmt_19990909,1999-09-09,ECB,statement,ecb_statements,3,0,0,3,0,0,neutral,2,0,0,0,0,neutral
ecb_stmt_19991007,1999-10-07,ECB,statement,ecb_statements,3,0,0,3,0,0,neutral,2,0,0,0,0,neutral
ecb_stmt_19991104,1999-11-04,ECB,statement,ecb_statements,2,0,0,2,0,0,neutral,1,0,0,0,0,neutral
ecb_stmt_19991202,1999-12-02,ECB,statement,ecb_statements,2,0,0,2,0,0,neutral,1,0,0,0,0,neutral
ecb_stmt_20000120,2000-01-20,ECB,statement,ecb_statements,4,0,0,4,0,0,neutral,3,0,0,0,0,neutral
ecb_stmt_20000203,2000-02-03,ECB,statement,ecb_statements,5,3,0,2,3,0.23076923076923078,hawkish,4,3,0,3,0.23076923076923078,hawkish
ecb_stmt_20000316,2000-03-16,ECB,statement,ecb_statements,16,8,3,5,11,0.23809523809523808,hawkish,11,7,2,9,0.2631578947368421,hawkish
ecb_stmt_20000413,2000-04-13,ECB,statement,ecb_statements,3,0,0,3,0,0,neutral,2,0,0,0,0,neutral
ecb_stmt_20000511,2000-05-11,ECB,statement,ecb_statements,3,0,0,3,0,0,neutral,2,0,0,0,0,neutral
ecb_stmt_20000608,2000-06-08,ECB,statement,ecb_statements,15,3,0,12,3,0.23076923076923078,hawkish,9,3,0,3,0.23076923076923078,hawkish
ecb_stmt_20000706,2000-07-06,ECB,statement,ecb_statements,3,0,0,3,0,0,neutral,2,0,0,0,0,neutral
ecb_stmt_20000831,2000-08-31,ECB,statement,ecb_statements,16,10,2,4,12,0.36363636363636365,hawkish,10,7,1,8,0.3333333333333333,hawkish
ecb_stmt_20000905,2000-09-05,ECB,statement,ecb_statements,10,0,0,10,0,0,neutral,2,0,0,0,0,neutral
ecb_stmt_20001005,2000-10-05,ECB,statement,ecb_statements,5,3,0,2,3,0.23076923076923078,hawkish,4,3,0,3,0.23076923076923078,hawkish
ecb_stmt_20001214,2000-12-14,ECB,statement,ecb_statements,4,0,0,4,0,0,neutral,3,0,0,0,0,neutral
ecb_stmt_20010201,2001-02-01,ECB,statement,ecb_statements,3,0,0,3,0,0,neutral,2,0,0,0,0,neutral
ecb_stmt_20010315,2001-03-15,ECB,statement,ecb_statements,2,0,0,2,0,0,neutral,1,0,0,0,0,neutral
ecb_stmt_20010510,2001-05-10,ECB,statement,ecb_statements,2,0,0,2,0,0,neutral,1,0,0,0,0,neutral
ecb_stmt_20010607,2001-06-07,ECB,statement,ecb_statements,3,0,0,3,0,0,neutral,2,0,0,0,0,neutral
ecb_stmt_20010705,2001-07-05,ECB,statement,ecb_statements,3,0,0,3,0,0,neutral,2,0,0,0,0,neutral
ecb_stmt_20010830,2001-08-30,ECB,statement,ecb_statements,2,0,0,2,0,0,neutral,1,0,0,0,0,neutral
ecb_stmt_20010913,2001-09-13,ECB,statement,ecb_statements,10,0,2,8,2,-0.16666666666666666,dovish,4,0,0,0,0,neutral
ecb_stmt_20010917,2001-09-17,ECB,statement,ecb_statements,7,2,4,1,6,-0.125,dovish,3,1,2,3,-0.07692307692307693,dovish
ecb_stmt_20011108,2001-11-08,ECB,statement,ecb_statements,2,0,0,2,0,0,neutral,1,0,0,0,0,neutral
ecb_stmt_20011206,2001-12-06,ECB,statement,ecb_statements,2,0,0,2,0,0,neutral,1,0,0,0,0,neutral
ecb_stmt_20020110,2002-01-10,ECB,statement,ecb_statements,12,1,4,7,5,-0.2,dovish,2,0,2,2,-0.16666666666666666,dovish
ecb_stmt_20020207,2002-02-07,ECB,statement,ecb_statements,14,0,0,14,0,0,neutral,0,0,0,0,NA,neutral
ecb_stmt_20020307,2002-03-07,ECB,statement,ecb_statements,3,0,0,3,0,0,neutral,2,0,0,0,0,neutral
ecb_stmt_20020404,2002-04-04,ECB,statement,ecb_statements,3,0,0,3,0,0,neutral,2,0,0,0,0,neutral
ecb_stmt_20020502,2002-05-02,ECB,statement,ecb_statements,3,0,0,3,0,0,neutral,2,0,0,0,0,neutral
ecb_stmt_20020606,2002-06-06,ECB,statement,ecb_statements,3,0,0,3,0,0,neutral,2,0,0,0,0,neutral
ecb_stmt_20020704,2002-07-04,ECB,statement,ecb_statements,3,0,0,3,0,0,neutral,2,0,0,0,0,neutral
ecb_stmt_20020801,2002-08-01,ECB,statement,ecb_statements,2,0,0,2,0,0,neutral,1,0,0,0,0,neutral
ecb_stmt_20020912,2002-09-12,ECB,statement,ecb_statements,3,0,0,3,0,0,neutral,2,0,0,0,0,neutral
ecb_stmt_20021010,2002-10-10,ECB,statement,ecb_statements,3,0,0,3,0,0,neutral,2,0,0,0,0,neutral
ecb_stmt_20021107,2002-11-07,ECB,statement,ecb_statements,3,0,0,3,0,0,neutral,2,0,0,0,0,neutral
ecb_stmt_20021205,2002-12-05,ECB,statement,ecb_statements,2,0,0,2,0,0,neutral,1,0,0,0,0,neutral
ecb_stmt_20030123,2003-01-23,ECB,statement,ecb_statements,4,0,0,4,0,0,neutral,2,0,0,0,0,neutral
ecb_stmt_20030206,2003-02-06,ECB,statement,ecb_statements,3,0,0,3,0,0,neutral,2,0,0,0,0,neutral
ecb_stmt_20030306,2003-03-06,ECB,statement,ecb_statements,2,0,0,2,0,0,neutral,1,0,0,0,0,neutral
ecb_stmt_20030403,2003-04-03,ECB,statement,ecb_statements,3,0,0,3,0,0,neutral,2,0,0,0,0,neutral
ecb_stmt_20030508,2003-05-08,ECB,statement,ecb_statements,3,0,0,3,0,0,neutral,2,0,0,0,0,neutral
ecb_stmt_20030605,2003-06-05,ECB,statement,ecb_statements,2,0,0,2,0,0,neutral,1,0,0,0,0,neutral
ecb_stmt_20030710,2003-07-10,ECB,statement,ecb_statements,3,0,0,3,0,0,neutral,2,0,0,0,0,neutral
ecb_stmt_20030904,2003-09-04,ECB,statement,ecb_statements,3,0,0,3,0,0,neutral,2,0,0,0,0,neutral
ecb_stmt_20031002,2003-10-02,ECB,statement,ecb_statements,4,0,0,4,0,0,neutral,2,0,0,0,0,neutral
ecb_stmt_20031106,2003-11-06,ECB,statement,ecb_statements,3,0,0,3,0,0,neutral,2,0,0,0,0,neutral
ecb_stmt_20031204,2003-12-04,ECB,statement,ecb_statements,3,0,0,3,0,0,neutral,2,0,0,0,0,neutral
ecb_stmt_20040108,2004-01-08,ECB,statement,ecb_statements,3,0,0,3,0,0,neutral,2,0,0,0,0,neutral
ecb_stmt_20040205,2004-02-05,ECB,statement,ecb_statements,3,0,0,3,0,0,neutral,2,0,0,0,0,neutral
ecb_stmt_20040304,2004-03-04,ECB,statement,ecb_statements,3,0,0,3,0,0,neutral,2,0,0,0,0,neutral
ecb_stmt_20040401,2004-04-01,ECB,statement,ecb_statements,3,0,0,3,0,0,neutral,2,0,0,0,0,neutral
ecb_stmt_20040506,2004-05-06,ECB,statement,ecb_statements,4,0,0,4,0,0,neutral,2,0,0,0,0,neutral
ecb_stmt_20040603,2004-06-03,ECB,statement,ecb_statements,3,0,0,3,0,0,neutral,2,0,0,0,0,neutral
ecb_stmt_20040701,2004-07-01,ECB,statement,ecb_statements,3,0,0,3,0,0,neutral,2,0,0,0,0,neutral
ecb_stmt_20040805,2004-08-05,ECB,statement,ecb_statements,2,0,0,2,0,0,neutral,1,0,0,0,0,neutral
ecb_stmt_20040902,2004-09-02,ECB,statement,ecb_statements,3,0,0,3,0,0,neutral,2,0,0,0,0,neutral
ecb_stmt_20041007,2004-10-07,ECB,statement,ecb_statements,3,0,0,3,0,0,neutral,2,0,0,0,0,neutral
ecb_stmt_20041104,2004-11-04,ECB,statement,ecb_statements,3,0,0,3,0,0,neutral,2,0,0,0,0,neutral
ecb_stmt_20041202,2004-12-02,ECB,statement,ecb_statements,3,0,0,3,0,0,neutral,2,0,0,0,0,neutral
ecb_stmt_20050113,2005-01-13,ECB,statement,ecb_statements,3,0,0,3,0,0,neutral,2,0,0,0,0,neutral
ecb_stmt_20050203,2005-02-03,ECB,statement,ecb_statements,3,0,0,3,0,0,neutral,2,0,0,0,0,neutral
ecb_stmt_20050303,2005-03-03,ECB,statement,ecb_statements,4,0,0,4,0,0,neutral,2,0,0,0,0,neutral
ecb_stmt_20050407,2005-04-07,ECB,statement,ecb_statements,4,0,0,4,0,0,neutral,2,0,0,0,0,neutral
ecb_stmt_20050504,2005-05-04,ECB,statement,ecb_statements,5,0,0,5,0,0,neutral,2,0,0,0,0,neutral
ecb_stmt_20050602,2005-06-02,ECB,statement,ecb_statements,4,0,0,4,0,0,neutral,2,0,0,0,0,neutral
ecb_stmt_20050707,2005-07-07,ECB,statement,ecb_statements,4,0,0,4,0,0,neutral,2,0,0,0,0,neutral
ecb_stmt_20050804,2005-08-04,ECB,statement,ecb_statements,4,0,0,4,0,0,neutral,0,0,0,0,NA,neutral
ecb_stmt_20050901,2005-09-01,ECB,statement,ecb_statements,3,0,0,3,0,0,neutral,2,0,0,0,0,neutral
ecb_stmt_20051006,2005-10-06,ECB,statement,ecb_statements,5,0,0,5,0,0,neutral,2,0,0,0,0,neutral
ecb_stmt_20051103,2005-11-03,ECB,statement,ecb_statements,4,0,0,4,0,0,neutral,2,0,0,0,0,neutral
ecb_stmt_20051201,2005-12-01,ECB,statement,ecb_statements,3,0,0,3,0,0,neutral,1,0,0,0,0,neutral
ecb_stmt_20060112,2006-01-12,ECB,statement,ecb_statements,4,0,0,4,0,0,neutral,2,0,0,0,0,neutral
ecb_stmt_20060202,2006-02-02,ECB,statement,ecb_statements,4,0,0,4,0,0,neutral,2,0,0,0,0,neutral
ecb_stmt_20060302,2006-03-02,ECB,statement,ecb_statements,3,0,0,3,0,0,neutral,1,0,0,0,0,neutral
ecb_stmt_20060406,2006-04-06,ECB,statement,ecb_statements,4,0,0,4,0,0,neutral,2,0,0,0,0,neutral
ecb_stmt_20060504,2006-05-04,ECB,statement,ecb_statements,4,0,0,4,0,0,neutral,2,0,0,0,0,neutral
ecb_stmt_20060608,2006-06-08,ECB,statement,ecb_statements,4,0,0,4,0,0,neutral,1,0,0,0,0,neutral
ecb_stmt_20060706,2006-07-06,ECB,statement,ecb_statements,4,0,0,4,0,0,neutral,2,0,0,0,0,neutral
ecb_stmt_20060803,2006-08-03,ECB,statement,ecb_statements,4,0,0,4,0,0,neutral,1,0,0,0,0,neutral
ecb_stmt_20061005,2006-10-05,ECB,statement,ecb_statements,4,0,0,4,0,0,neutral,1,0,0,0,0,neutral
ecb_stmt_20061102,2006-11-02,ECB,statement,ecb_statements,5,0,0,5,0,0,neutral,2,0,0,0,0,neutral
ecb_stmt_20061207,2006-12-07,ECB,statement,ecb_statements,4,0,0,4,0,0,neutral,1,0,0,0,0,neutral
ecb_stmt_20070111,2007-01-11,ECB,statement,ecb_statements,5,0,0,5,0,0,neutral,2,0,0,0,0,neutral
ecb_stmt_20070208,2007-02-08,ECB,statement,ecb_statements,5,0,0,5,0,0,neutral,2,0,0,0,0,neutral
ecb_stmt_20070308,2007-03-08,ECB,statement,ecb_statements,4,0,0,4,0,0,neutral,1,0,0,0,0,neutral
ecb_stmt_20070412,2007-04-12,ECB,statement,ecb_statements,5,0,0,5,0,0,neutral,2,0,0,0,0,neutral
ecb_stmt_20070510,2007-05-10,ECB,statement,ecb_statements,5,0,0,5,0,0,neutral,2,0,0,0,0,neutral
ecb_stmt_20070606,2007-06-06,ECB,statement,ecb_statements,4,0,0,4,0,0,neutral,1,0,0,0,0,neutral
ecb_stmt_20070705,2007-07-05,ECB,statement,ecb_statements,5,0,0,5,0,0,neutral,2,0,0,0,0,neutral
ecb_stmt_20070802,2007-08-02,ECB,statement,ecb_statements,3,0,0,3,0,0,neutral,1,0,0,0,0,neutral
ecb_stmt_20070906,2007-09-06,ECB,statement,ecb_statements,5,0,0,5,0,0,neutral,2,0,0,0,0,neutral
ecb_stmt_20071004,2007-10-04,ECB,statement,ecb_statements,5,0,0,5,0,0,neutral,2,0,0,0,0,neutral
ecb_stmt_20071108,2007-11-08,ECB,statement,ecb_statements,5,0,0,5,0,0,neutral,2,0,0,0,0,neutral
ecb_stmt_20071206,2007-12-06,ECB,statement,ecb_statements,5,0,0,5,0,0,neutral,2,0,0,0,0,neutral
ecb_stmt_20080110,2008-01-10,ECB,statement,ecb_statements,5,0,0,5,0,0,neutral,2,0,0,0,0,neutral
ecb_stmt_20080207,2008-02-07,ECB,statement,ecb_statements,5,0,0,5,0,0,neutral,2,0,0,0,0,neutral
ecb_stmt_20080306,2008-03-06,ECB,statement,ecb_statements,5,0,0,5,0,0,neutral,2,0,0,0,0,neutral
ecb_stmt_20080410,2008-04-10,ECB,statement,ecb_statements,5,0,0,5,0,0,neutral,2,0,0,0,0,neutral
ecb_stmt_20080508,2008-05-08,ECB,statement,ecb_statements,5,0,0,5,0,0,neutral,2,0,0,0,0,neutral
ecb_stmt_20080605,2008-06-05,ECB,statement,ecb_statements,5,0,0,5,0,0,neutral,2,0,0,0,0,neutral
ecb_stmt_20080703,2008-07-03,ECB,statement,ecb_statements,4,0,0,4,0,0,neutral,1,0,0,0,0,neutral
ecb_stmt_20080807,2008-08-07,ECB,statement,ecb_statements,5,0,0,5,0,0,neutral,2,0,0,0,0,neutral
ecb_stmt_20080904,2008-09-04,ECB,statement,ecb_statements,5,0,0,5,0,0,neutral,2,0,0,0,0,neutral
ecb_stmt_20081002,2008-10-02,ECB,statement,ecb_statements,5,0,0,5,0,0,neutral,2,0,0,0,0,neutral
ecb_stmt_20081008,2008-10-08,ECB,statement,ecb_statements,11,1,8,2,9,-0.3684210526315789,dovish,3,0,3,3,-0.23076923076923078,dovish
ecb_stmt_20081015,2008-10-15,ECB,statement,ecb_statements,10,1,0,9,1,0.09090909090909091,hawkish,8,1,0,1,0.09090909090909091,hawkish
ecb_stmt_20081106,2008-11-06,ECB,statement,ecb_statements,4,0,0,4,0,0,neutral,1,0,0,0,0,neutral
ecb_stmt_20081204,2008-12-04,ECB,statement,ecb_statements,4,0,0,4,0,0,neutral,1,0,0,0,0,neutral
ecb_stmt_20090115,2009-01-15,ECB,statement,ecb_statements,5,0,0,5,0,0,neutral,1,0,0,0,0,neutral
ecb_stmt_20090205,2009-02-05,ECB,statement,ecb_statements,5,0,0,5,0,0,neutral,2,0,0,0,0,neutral
ecb_stmt_20090305,2009-03-05,ECB,statement,ecb_statements,4,0,0,4,0,0,neutral,1,0,0,0,0,neutral
ecb_stmt_20090402,2009-04-02,ECB,statement,ecb_statements,4,0,0,4,0,0,neutral,1,0,0,0,0,neutral
ecb_stmt_20090507,2009-05-07,ECB,statement,ecb_statements,4,0,0,4,0,0,neutral,1,0,0,0,0,neutral
ecb_stmt_20090604,2009-06-04,ECB,statement,ecb_statements,5,0,0,5,0,0,neutral,2,0,0,0,0,neutral
ecb_stmt_20090702,2009-07-02,ECB,statement,ecb_statements,5,0,0,5,0,0,neutral,2,0,0,0,0,neutral
ecb_stmt_20090806,2009-08-06,ECB,statement,ecb_statements,5,0,0,5,0,0,neutral,2,0,0,0,0,neutral
ecb_stmt_20090903,2009-09-03,ECB,statement,ecb_statements,5,0,0,5,0,0,neutral,2,0,0,0,0,neutral
ecb_stmt_20091008,2009-10-08,ECB,statement,ecb_statements,5,0,0,5,0,0,neutral,2,0,0,0,0,neutral
ecb_stmt_20091105,2009-11-05,ECB,statement,ecb_statements,5,0,0,5,0,0,neutral,2,0,0,0,0,neutral
ecb_stmt_20091203,2009-12-03,ECB,statement,ecb_statements,5,0,0,5,0,0,neutral,2,0,0,0,0,neutral
ecb_stmt_20100114,2010-01-14,ECB,statement,ecb_statements,5,0,0,5,0,0,neutral,2,0,0,0,0,neutral
ecb_stmt_20100204,2010-02-04,ECB,statement,ecb_statements,5,0,0,5,0,0,neutral,2,0,0,0,0,neutral
ecb_stmt_20100304,2010-03-04,ECB,statement,ecb_statements,5,0,0,5,0,0,neutral,2,0,0,0,0,neutral
ecb_stmt_20100408,2010-04-08,ECB,statement,ecb_statements,5,0,0,5,0,0,neutral,2,0,0,0,0,neutral
ecb_stmt_20100506,2010-05-06,ECB,statement,ecb_statements,5,0,0,5,0,0,neutral,2,0,0,0,0,neutral
ecb_stmt_20100610,2010-06-10,ECB,statement,ecb_statements,5,0,0,5,0,0,neutral,2,0,0,0,0,neutral
ecb_stmt_20100708,2010-07-08,ECB,statement,ecb_statements,5,0,0,5,0,0,neutral,2,0,0,0,0,neutral
ecb_stmt_20100805,2010-08-05,ECB,statement,ecb_statements,5,0,0,5,0,0,neutral,2,0,0,0,0,neutral
ecb_stmt_20100902,2010-09-02,ECB,statement,ecb_statements,5,0,0,5,0,0,neutral,2,0,0,0,0,neutral
ecb_stmt_20101007,2010-10-07,ECB,statement,ecb_statements,5,0,0,5,0,0,neutral,2,0,0,0,0,neutral
ecb_stmt_20101104,2010-11-04,ECB,statement,ecb_statements,5,0,0,5,0,0,neutral,2,0,0,0,0,neutral
ecb_stmt_20101202,2010-12-02,ECB,statement,ecb_statements,5,0,0,5,0,0,neutral,2,0,0,0,0,neutral
ecb_stmt_20110113,2011-01-13,ECB,statement,ecb_statements,4,0,0,4,0,0,neutral,2,0,0,0,0,neutral
ecb_stmt_20110203,2011-02-03,ECB,statement,ecb_statements,4,0,0,4,0,0,neutral,2,0,0,0,0,neutral
ecb_stmt_20110303,2011-03-03,ECB,statement,ecb_statements,4,0,0,4,0,0,neutral,2,0,0,0,0,neutral
ecb_stmt_20110407,2011-04-07,ECB,statement,ecb_statements,3,0,0,3,0,0,neutral,1,0,0,0,0,neutral
ecb_stmt_20110505,2011-05-05,ECB,statement,ecb_statements,4,0,0,4,0,0,neutral,2,0,0,0,0,neutral
ecb_stmt_20110609,2011-06-09,ECB,statement,ecb_statements,4,0,0,4,0,0,neutral,2,0,0,0,0,neutral
ecb_stmt_20110707,2011-07-07,ECB,statement,ecb_statements,3,0,0,3,0,0,neutral,1,0,0,0,0,neutral
ecb_stmt_20110804,2011-08-04,ECB,statement,ecb_statements,4,0,0,4,0,0,neutral,2,0,0,0,0,neutral
ecb_stmt_20110908,2011-09-08,ECB,statement,ecb_statements,4,0,0,4,0,0,neutral,2,0,0,0,0,neutral
ecb_stmt_20111006,2011-10-06,ECB,statement,ecb_statements,4,0,0,4,0,0,neutral,2,0,0,0,0,neutral
ecb_stmt_20111103,2011-11-03,ECB,statement,ecb_statements,3,0,0,3,0,0,neutral,1,0,0,0,0,neutral
ecb_stmt_20111208,2011-12-08,ECB,statement,ecb_statements,3,0,0,3,0,0,neutral,1,0,0,0,0,neutral
ecb_stmt_20120112,2012-01-12,ECB,statement,ecb_statements,4,0,0,4,0,0,neutral,2,0,0,0,0,neutral
ecb_stmt_20120209,2012-02-09,ECB,statement,ecb_statements,4,0,0,4,0,0,neutral,2,0,0,0,0,neutral
ecb_stmt_20120308,2012-03-08,ECB,statement,ecb_statements,4,0,0,4,0,0,neutral,2,0,0,0,0,neutral
ecb_stmt_20120404,2012-04-04,ECB,statement,ecb_statements,4,0,0,4,0,0,neutral,2,0,0,0,0,neutral
ecb_stmt_20120503,2012-05-03,ECB,statement,ecb_statements,4,0,0,4,0,0,neutral,2,0,0,0,0,neutral
ecb_stmt_20120606,2012-06-06,ECB,statement,ecb_statements,4,0,0,4,0,0,neutral,2,0,0,0,0,neutral
ecb_stmt_20120705,2012-07-05,ECB,statement,ecb_statements,3,0,0,3,0,0,neutral,1,0,0,0,0,neutral
ecb_stmt_20120802,2012-08-02,ECB,statement,ecb_statements,4,0,0,4,0,0,neutral,2,0,0,0,0,neutral
ecb_stmt_20120906,2012-09-06,ECB,statement,ecb_statements,4,0,0,4,0,0,neutral,2,0,0,0,0,neutral
ecb_stmt_20121004,2012-10-04,ECB,statement,ecb_statements,4,0,0,4,0,0,neutral,2,0,0,0,0,neutral
ecb_stmt_20121108,2012-11-08,ECB,statement,ecb_statements,4,0,0,4,0,0,neutral,2,0,0,0,0,neutral
ecb_stmt_20121206,2012-12-06,ECB,statement,ecb_statements,4,0,0,4,0,0,neutral,2,0,0,0,0,neutral
ecb_stmt_20130110,2013-01-10,ECB,statement,ecb_statements,4,0,0,4,0,0,neutral,2,0,0,0,0,neutral
ecb_stmt_20130207,2013-02-07,ECB,statement,ecb_statements,4,0,0,4,0,0,neutral,2,0,0,0,0,neutral
ecb_stmt_20130307,2013-03-07,ECB,statement,ecb_statements,4,0,0,4,0,0,neutral,2,0,0,0,0,neutral
ecb_stmt_20130404,2013-04-04,ECB,statement,ecb_statements,4,0,0,4,0,0,neutral,2,0,0,0,0,neutral
ecb_stmt_20130502,2013-05-02,ECB,statement,ecb_statements,3,0,0,3,0,0,neutral,1,0,0,0,0,neutral
ecb_stmt_20130606,2013-06-06,ECB,statement,ecb_statements,4,0,0,4,0,0,neutral,2,0,0,0,0,neutral
ecb_stmt_20130704,2013-07-04,ECB,statement,ecb_statements,4,0,0,4,0,0,neutral,2,0,0,0,0,neutral
ecb_stmt_20130801,2013-08-01,ECB,statement,ecb_statements,4,0,0,4,0,0,neutral,2,0,0,0,0,neutral
ecb_stmt_20130905,2013-09-05,ECB,statement,ecb_statements,3,0,0,3,0,0,neutral,2,0,0,0,0,neutral
ecb_stmt_20131002,2013-10-02,ECB,statement,ecb_statements,3,0,0,3,0,0,neutral,2,0,0,0,0,neutral
ecb_stmt_20131107,2013-11-07,ECB,statement,ecb_statements,2,0,0,2,0,0,neutral,1,0,0,0,0,neutral
ecb_stmt_20131205,2013-12-05,ECB,statement,ecb_statements,3,0,0,3,0,0,neutral,2,0,0,0,0,neutral
ecb_stmt_20140109,2014-01-09,ECB,statement,ecb_statements,4,0,0,4,0,0,neutral,2,0,0,0,0,neutral
ecb_stmt_20140206,2014-02-06,ECB,statement,ecb_statements,3,0,0,3,0,0,neutral,2,0,0,0,0,neutral
ecb_stmt_20140306,2014-03-06,ECB,statement,ecb_statements,3,0,0,3,0,0,neutral,2,0,0,0,0,neutral
ecb_stmt_20140403,2014-04-03,ECB,statement,ecb_statements,3,0,0,3,0,0,neutral,2,0,0,0,0,neutral
ecb_stmt_20140508,2014-05-08,ECB,statement,ecb_statements,3,0,0,3,0,0,neutral,2,0,0,0,0,neutral
ecb_stmt_20140605,2014-06-05,ECB,statement,ecb_statements,4,1,0,3,1,0.09090909090909091,hawkish,2,1,0,1,0.09090909090909091,hawkish
ecb_stmt_20140703,2014-07-03,ECB,statement,ecb_statements,3,0,0,3,0,0,neutral,2,0,0,0,0,neutral
ecb_stmt_20140807,2014-08-07,ECB,statement,ecb_statements,3,0,0,3,0,0,neutral,2,0,0,0,0,neutral
ecb_stmt_20140904,2014-09-04,ECB,statement,ecb_statements,2,0,0,2,0,0,neutral,1,0,0,0,0,neutral
ecb_stmt_20141002,2014-10-02,ECB,statement,ecb_statements,3,0,0,3,0,0,neutral,2,0,0,0,0,neutral
ecb_stmt_20141106,2014-11-06,ECB,statement,ecb_statements,3,0,0,3,0,0,neutral,2,0,0,0,0,neutral
ecb_stmt_20141204,2014-12-04,ECB,statement,ecb_statements,3,0,0,3,0,0,neutral,2,0,0,0,0,neutral
ecb_stmt_20150122,2015-01-22,ECB,statement,ecb_statements,3,0,0,3,0,0,neutral,2,0,0,0,0,neutral
ecb_stmt_20150305,2015-03-05,ECB,statement,ecb_statements,3,0,0,3,0,0,neutral,2,0,0,0,0,neutral
ecb_stmt_20150415,2015-04-15,ECB,statement,ecb_statements,2,0,0,2,0,0,neutral,2,0,0,0,0,neutral
ecb_stmt_20150603,2015-06-03,ECB,statement,ecb_statements,4,0,0,4,0,0,neutral,2,0,0,0,0,neutral
ecb_stmt_20150716,2015-07-16,ECB,statement,ecb_statements,4,0,0,4,0,0,neutral,2,0,0,0,0,neutral
ecb_stmt_20150903,2015-09-03,ECB,statement,ecb_statements,4,0,0,4,0,0,neutral,2,0,0,0,0,neutral
ecb_stmt_20151022,2015-10-22,ECB,statement,ecb_statements,4,0,0,4,0,0,neutral,2,0,0,0,0,neutral
ecb_stmt_20151203,2015-12-03,ECB,statement,ecb_statements,5,0,1,4,1,-0.09090909090909091,dovish,3,0,1,1,-0.09090909090909091,dovish
ecb_stmt_20160121,2016-01-21,ECB,statement,ecb_statements,4,0,0,4,0,0,neutral,2,0,0,0,0,neutral
ecb_stmt_20160310,2016-03-10,ECB,statement,ecb_statements,10,1,4,5,5,-0.2,dovish,7,1,3,4,-0.14285714285714285,dovish
ecb_stmt_20160421,2016-04-21,ECB,statement,ecb_statements,7,1,0,6,1,0.09090909090909091,hawkish,3,0,0,0,0,neutral
ecb_stmt_20160602,2016-06-02,ECB,statement,ecb_statements,7,0,0,7,0,0,neutral,5,0,0,0,0,neutral
ecb_stmt_20160721,2016-07-21,ECB,statement,ecb_statements,6,0,1,5,1,-0.09090909090909091,dovish,4,0,1,1,-0.09090909090909091,dovish
ecb_stmt_20160908,2016-09-08,ECB,statement,ecb_statements,6,0,1,5,1,-0.09090909090909091,dovish,4,0,1,1,-0.09090909090909091,dovish
ecb_stmt_20161020,2016-10-20,ECB,statement,ecb_statements,6,0,1,5,1,-0.09090909090909091,dovish,4,0,1,1,-0.09090909090909091,dovish
ecb_stmt_20161208,2016-12-08,ECB,statement,ecb_statements,10,2,1,7,3,0.07692307692307693,hawkish,7,2,1,3,0.07692307692307693,hawkish
ecb_stmt_20170119,2017-01-19,ECB,statement,ecb_statements,8,1,1,6,2,0,neutral,6,1,1,2,0,neutral
ecb_stmt_20170309,2017-03-09,ECB,statement,ecb_statements,8,1,1,6,2,0,neutral,6,1,1,2,0,neutral
ecb_stmt_20170427,2017-04-27,ECB,statement,ecb_statements,8,1,1,6,2,0,neutral,6,1,1,2,0,neutral
ecb_stmt_20170608,2017-06-08,ECB,statement,ecb_statements,8,1,0,7,1,0.09090909090909091,hawkish,6,1,0,1,0.09090909090909091,hawkish
ecb_stmt_20170720,2017-07-20,ECB,statement,ecb_statements,8,1,0,7,1,0.09090909090909091,hawkish,5,1,0,1,0.09090909090909091,hawkish
ecb_stmt_20170907,2017-09-07,ECB,statement,ecb_statements,8,1,0,7,1,0.09090909090909091,hawkish,5,1,0,1,0.09090909090909091,hawkish
ecb_stmt_20171026,2017-10-26,ECB,statement,ecb_statements,11,3,0,8,3,0.23076923076923078,hawkish,9,3,0,3,0.23076923076923078,hawkish
ecb_stmt_20171214,2017-12-14,ECB,statement,ecb_statements,9,2,0,7,2,0.16666666666666666,hawkish,7,2,0,2,0.16666666666666666,hawkish
ecb_stmt_20180125,2018-01-25,ECB,statement,ecb_statements,9,2,0,7,2,0.16666666666666666,hawkish,7,2,0,2,0.16666666666666666,hawkish
ecb_stmt_20180308,2018-03-08,ECB,statement,ecb_statements,8,1,0,7,1,0.09090909090909091,hawkish,6,1,0,1,0.09090909090909091,hawkish
ecb_stmt_20180426,2018-04-26,ECB,statement,ecb_statements,8,1,0,7,1,0.09090909090909091,hawkish,6,1,0,1,0.09090909090909091,hawkish
ecb_stmt_20180614,2018-06-14,ECB,statement,ecb_statements,10,0,3,7,3,-0.23076923076923078,dovish,8,0,3,3,-0.23076923076923078,dovish
ecb_stmt_20180726,2018-07-26,ECB,statement,ecb_statements,8,0,2,6,2,-0.16666666666666666,dovish,6,0,2,2,-0.16666666666666666,dovish
ecb_stmt_20180913,2018-09-13,ECB,statement,ecb_statements,8,0,2,6,2,-0.16666666666666666,dovish,6,0,2,2,-0.16666666666666666,dovish
ecb_stmt_20181025,2018-10-25,ECB,statement,ecb_statements,8,0,1,7,1,-0.09090909090909091,dovish,6,0,1,1,-0.09090909090909091,dovish
ecb_stmt_20181213,2018-12-13,ECB,statement,ecb_statements,8,1,1,6,2,0,neutral,5,0,1,1,-0.09090909090909091,dovish
ecb_stmt_20190124,2019-01-24,ECB,statement,ecb_statements,6,0,1,5,1,-0.09090909090909091,dovish,4,0,1,1,-0.09090909090909091,dovish
ecb_stmt_20190307,2019-03-07,ECB,statement,ecb_statements,12,2,1,9,3,0.07692307692307693,hawkish,10,2,1,3,0.07692307692307693,hawkish
ecb_stmt_20190410,2019-04-10,ECB,statement,ecb_statements,6,0,1,5,1,-0.09090909090909091,dovish,4,0,1,1,-0.09090909090909091,dovish
ecb_stmt_20190606,2019-06-06,ECB,statement,ecb_statements,8,1,2,5,3,-0.07692307692307693,dovish,6,1,2,3,-0.07692307692307693,dovish
ecb_stmt_20190725,2019-07-25,ECB,statement,ecb_statements,10,3,3,4,6,0,neutral,6,1,3,4,-0.14285714285714285,dovish
ecb_stmt_20190912,2019-09-12,ECB,statement,ecb_statements,15,0,6,9,6,-0.375,dovish,13,0,6,6,-0.375,dovish
ecb_stmt_20191024,2019-10-24,ECB,statement,ecb_statements,8,0,3,5,3,-0.23076923076923078,dovish,6,0,3,3,-0.23076923076923078,dovish
ecb_stmt_20191212,2019-12-12,ECB,statement,ecb_statements,8,0,3,5,3,-0.23076923076923078,dovish,5,0,3,3,-0.23076923076923078,dovish
ecb_stmt_20200123,2020-01-23,ECB,statement,ecb_statements,11,0,3,8,3,-0.23076923076923078,dovish,7,0,3,3,-0.23076923076923078,dovish
ecb_stmt_20200312,2020-03-12,ECB,statement,ecb_statements,20,5,6,9,11,-0.047619047619047616,neutral,18,5,6,11,-0.047619047619047616,neutral
ecb_stmt_20200430,2020-04-30,ECB,statement,ecb_statements,21,2,9,10,11,-0.3333333333333333,dovish,15,1,8,9,-0.3684210526315789,dovish
ecb_stmt_20200604,2020-06-04,ECB,statement,ecb_statements,18,2,4,12,6,-0.125,dovish,14,1,4,5,-0.2,dovish
ecb_stmt_20200716,2020-07-16,ECB,statement,ecb_statements,19,2,4,13,6,-0.125,dovish,14,0,4,4,-0.2857142857142857,dovish
ecb_stmt_20200910,2020-09-10,ECB,statement,ecb_statements,18,2,4,12,6,-0.125,dovish,14,0,4,4,-0.2857142857142857,dovish
ecb_stmt_20201029,2020-10-29,ECB,statement,ecb_statements,21,2,6,13,8,-0.2222222222222222,dovish,18,1,6,7,-0.29411764705882354,dovish
ecb_stmt_20201210,2020-12-10,ECB,statement,ecb_statements,29,5,7,17,12,-0.09090909090909091,dovish,20,3,6,9,-0.15789473684210525,dovish
ecb_stmt_20210121,2021-01-21,ECB,statement,ecb_statements,19,3,6,10,9,-0.15789473684210525,dovish,13,1,4,5,-0.2,dovish
ecb_stmt_20210311,2021-03-11,ECB,statement,ecb_statements,19,4,6,9,10,-0.1,dovish,14,2,5,7,-0.17647058823529413,dovish
ecb_stmt_20210422,2021-04-22,ECB,statement,ecb_statements,20,4,7,9,11,-0.14285714285714285,dovish,14,2,6,8,-0.2222222222222222,dovish
ecb_stmt_20210610,2021-06-10,ECB,statement,ecb_statements,19,4,7,8,11,-0.14285714285714285,dovish,14,2,6,8,-0.2222222222222222,dovish
ecb_stmt_20210722,2021-07-22,ECB,statement,ecb_statements,28,5,12,11,17,-0.25925925925925924,dovish,19,2,9,11,-0.3333333333333333,dovish
ecb_stmt_20210909,2021-09-09,ECB,statement,ecb_statements,22,2,8,12,10,-0.3,dovish,17,0,7,7,-0.4117647058823529,dovish
ecb_stmt_20211028,2021-10-28,ECB,statement,ecb_statements,22,2,9,11,11,-0.3333333333333333,dovish,15,0,7,7,-0.4117647058823529,dovish
ecb_stmt_20211216,2021-12-16,ECB,statement,ecb_statements,28,3,13,12,16,-0.38461538461538464,dovish,18,1,9,10,-0.4,dovish
ecb_stmt_20220203,2022-02-03,ECB,statement,ecb_statements,25,3,7,15,10,-0.2,dovish,16,1,5,6,-0.25,dovish
ecb_stmt_20220310,2022-03-10,ECB,statement,ecb_statements,35,3,9,23,12,-0.2727272727272727,dovish,24,1,5,6,-0.25,dovish
ecb_stmt_20220414,2022-04-14,ECB,statement,ecb_statements,36,4,8,24,12,-0.18181818181818182,dovish,21,1,5,6,-0.25,dovish
ecb_stmt_20220609,2022-06-09,ECB,statement,ecb_statements,44,13,13,18,26,0,neutral,28,8,9,17,-0.037037037037037035,neutral
ecb_stmt_20220721,2022-07-21,ECB,statement,ecb_statements,34,7,6,21,13,0.043478260869565216,neutral,24,3,6,9,-0.15789473684210525,dovish
ecb_stmt_20220908,2022-09-08,ECB,statement,ecb_statements,33,11,8,14,19,0.10344827586206896,hawkish,22,7,5,12,0.09090909090909091,hawkish
ecb_stmt_20221027,2022-10-27,ECB,statement,ecb_statements,30,8,5,17,13,0.13043478260869565,hawkish,15,4,2,6,0.125,hawkish
ecb_stmt_20221215,2022-12-15,ECB,statement,ecb_statements,38,9,9,20,18,0,neutral,29,8,7,15,0.04,neutral
ecb_stmt_20230202,2023-02-02,ECB,statement,ecb_statements,26,8,3,15,11,0.23809523809523808,hawkish,20,7,3,10,0.2,hawkish
ecb_stmt_20230316,2023-03-16,ECB,statement,ecb_statements,30,10,8,12,18,0.07142857142857142,hawkish,17,7,4,11,0.14285714285714285,hawkish
ecb_stmt_20230504,2023-05-04,ECB,statement,ecb_statements,26,7,2,17,9,0.2631578947368421,hawkish,16,4,1,5,0.2,hawkish
ecb_stmt_20230615,2023-06-15,ECB,statement,ecb_statements,31,11,7,13,18,0.14285714285714285,hawkish,20,6,5,11,0.047619047619047616,neutral
ecb_stmt_20230727,2023-07-27,ECB,statement,ecb_statements,26,8,5,13,13,0.13043478260869565,hawkish,15,4,3,7,0.058823529411764705,hawkish
ecb_stmt_20230914,2023-09-14,ECB,statement,ecb_statements,29,12,6,11,18,0.21428571428571427,hawkish,19,7,4,11,0.14285714285714285,hawkish
ecb_stmt_20231026,2023-10-26,ECB,statement,ecb_statements,22,4,3,15,7,0.058823529411764705,hawkish,13,2,0,2,0.16666666666666666,hawkish
ecb_stmt_20231214,2023-12-14,ECB,statement,ecb_statements,35,7,12,16,19,-0.1724137931034483,dovish,23,3,9,12,-0.2727272727272727,dovish
ecb_stmt_20240125,2024-01-25,ECB,statement,ecb_statements,21,3,5,13,8,-0.1111111111111111,dovish,13,2,2,4,0,neutral
ecb_stmt_20240307,2024-03-07,ECB,statement,ecb_statements,26,4,8,14,12,-0.18181818181818182,dovish,19,3,6,9,-0.15789473684210525,dovish
ecb_stmt_20240411,2024-04-11,ECB,statement,ecb_statements,23,3,8,12,11,-0.23809523809523808,dovish,12,2,2,4,0,neutral
ecb_stmt_20240606,2024-06-06,ECB,statement,ecb_statements,31,5,12,14,17,-0.25925925925925924,dovish,20,3,7,10,-0.2,dovish
ecb_stmt_20240718,2024-07-18,ECB,statement,ecb_statements,22,5,4,13,9,0.05263157894736842,hawkish,12,2,2,4,0,neutral
ecb_stmt_20240912,2024-09-12,ECB,statement,ecb_statements,38,6,13,19,19,-0.2413793103448276,dovish,25,4,7,11,-0.14285714285714285,dovish
ecb_stmt_20241017,2024-10-17,ECB,statement,ecb_statements,25,3,11,11,14,-0.3333333333333333,dovish,13,1,5,6,-0.25,dovish
ecb_stmt_20241212,2024-12-12,ECB,statement,ecb_statements,29,1,14,14,15,-0.52,dovish,13,0,5,5,-0.3333333333333333,dovish
ecb_stmt_20250130,2025-01-30,ECB,statement,ecb_statements,23,1,12,10,13,-0.4782608695652174,dovish,10,0,4,4,-0.2857142857142857,dovish
ecb_stmt_20250306,2025-03-06,ECB,statement,ecb_statements,27,1,15,11,16,-0.5384615384615384,dovish,13,0,6,6,-0.375,dovish
ecb_stmt_20250417,2025-04-17,ECB,statement,ecb_statements,22,1,12,9,13,-0.4782608695652174,dovish,12,1,6,7,-0.29411764705882354,dovish
ecb_stmt_20250605,2025-06-05,ECB,statement,ecb_statements,30,1,12,17,13,-0.4782608695652174,dovish,18,0,8,8,-0.4444444444444444,dovish
ecb_stmt_20250724,2025-07-24,ECB,statement,ecb_statements,17,0,6,11,6,-0.375,dovish,8,0,2,2,-0.16666666666666666,dovish
ecb_stmt_20250911,2025-09-11,ECB,statement,ecb_statements,18,1,3,14,4,-0.14285714285714285,dovish,12,1,2,3,-0.07692307692307693,dovish
ecb_stmt_20251030,2025-10-30,ECB,statement,ecb_statements,16,0,6,10,6,-0.375,dovish,9,0,3,3,-0.23076923076923078,dovish
ecb_stmt_20251218,2025-12-18,ECB,statement,ecb_statements,18,3,3,12,6,0,neutral,13,3,2,5,0.06666666666666667,hawkish
ecb_stmt_20260205,2026-02-05,ECB,statement,ecb_statements,16,1,4,11,5,-0.2,dovish,9,0,3,3,-0.23076923076923078,dovish
ecb_stmt_20260319,2026-03-19,ECB,statement,ecb_statements,32,6,5,21,11,0.047619047619047616,neutral,21,5,3,8,0.1111111111111111,hawkish
