corpus_long,bank,meeting_date,net_score,bps_change,policy_rate_index_bps,series,z_value
FOMC statements,FOMC,1994-02-04,0.07692307692307693,25,25,Dictionary net score,0.5359088786001156
FOMC statements,FOMC,1994-02-04,0.07692307692307693,25,25,Cumulative rate-change index,0.446973022902031
FOMC statements,FOMC,1994-03-22,0.09090909090909093,25,50,Dictionary net score,0.5960091686001892
FOMC statements,FOMC,1994-03-22,0.09090909090909093,25,50,Cumulative rate-change index,0.5625365608745646
FOMC statements,FOMC,1994-04-18,0,25,75,Dictionary net score,0.2053572835997109
FOMC statements,FOMC,1994-04-18,0,25,75,Cumulative rate-change index,0.6781000988470983
FOMC statements,FOMC,1994-05-17,0,50,125,Dictionary net score,0.2053572835997109
FOMC statements,FOMC,1994-05-17,0,50,125,Cumulative rate-change index,0.9092271747921656
FOMC statements,FOMC,1994-08-16,0.16666666666666666,50,175,Dictionary net score,0.9215524061005878
FOMC statements,FOMC,1994-08-16,0.16666666666666666,50,175,Cumulative rate-change index,1.1403542507372328
FOMC statements,FOMC,1994-11-15,0.09090909090909093,75,250,Dictionary net score,0.5960091686001892
FOMC statements,FOMC,1994-11-15,0.09090909090909093,75,250,Cumulative rate-change index,1.487044864654834
FOMC statements,FOMC,1995-02-01,0,50,300,Dictionary net score,0.2053572835997109
FOMC statements,FOMC,1995-02-01,0,50,300,Cumulative rate-change index,1.7181719405999012
FOMC statements,FOMC,1995-03-28,0,0,300,Dictionary net score,0.2053572835997109
FOMC statements,FOMC,1995-03-28,0,0,300,Cumulative rate-change index,1.7181719405999012
FOMC statements,FOMC,1995-07-06,0.16666666666666666,-25,275,Dictionary net score,0.9215524061005878
FOMC statements,FOMC,1995-07-06,0.16666666666666666,-25,275,Cumulative rate-change index,1.6026084026273675
FOMC statements,FOMC,1995-12-19,-0.09090909090909093,-25,250,Dictionary net score,-0.18529460140076748
FOMC statements,FOMC,1995-12-19,-0.09090909090909093,-25,250,Cumulative rate-change index,1.487044864654834
FOMC statements,FOMC,1996-01-31,0,-25,225,Dictionary net score,0.2053572835997109
FOMC statements,FOMC,1996-01-31,0,-25,225,Cumulative rate-change index,1.3714813266823003
FOMC statements,FOMC,1997-03-25,-0.07692307692307693,25,250,Dictionary net score,-0.12519431140069384
FOMC statements,FOMC,1997-03-25,-0.07692307692307693,25,250,Cumulative rate-change index,1.487044864654834
FOMC statements,FOMC,1998-09-29,0,-25,225,Dictionary net score,0.2053572835997109
FOMC statements,FOMC,1998-09-29,0,-25,225,Cumulative rate-change index,1.3714813266823003
FOMC statements,FOMC,1998-10-15,-0.09090909090909093,-25,200,Dictionary net score,-0.18529460140076748
FOMC statements,FOMC,1998-10-15,-0.09090909090909093,-25,200,Cumulative rate-change index,1.2559177887097666
FOMC statements,FOMC,1998-11-17,0.16666666666666666,-25,175,Dictionary net score,0.9215524061005878
FOMC statements,FOMC,1998-11-17,0.16666666666666666,-25,175,Cumulative rate-change index,1.1403542507372328
FOMC statements,FOMC,1999-02-03,0,0,175,Dictionary net score,0.2053572835997109
FOMC statements,FOMC,1999-02-03,0,0,175,Cumulative rate-change index,1.1403542507372328
FOMC statements,FOMC,1999-03-30,0,0,175,Dictionary net score,0.2053572835997109
FOMC statements,FOMC,1999-03-30,0,0,175,Cumulative rate-change index,1.1403542507372328
FOMC statements,FOMC,1999-05-18,-0.09090909090909093,0,175,Dictionary net score,-0.18529460140076748
FOMC statements,FOMC,1999-05-18,-0.09090909090909093,0,175,Cumulative rate-change index,1.1403542507372328
FOMC statements,FOMC,1999-06-30,0.09090909090909093,25,200,Dictionary net score,0.5960091686001892
FOMC statements,FOMC,1999-06-30,0.09090909090909093,25,200,Cumulative rate-change index,1.2559177887097666
FOMC statements,FOMC,1999-08-24,0.06666666666666667,25,225,Dictionary net score,0.4918353326000616
FOMC statements,FOMC,1999-08-24,0.06666666666666667,25,225,Cumulative rate-change index,1.3714813266823003
FOMC statements,FOMC,1999-10-05,0,0,225,Dictionary net score,0.2053572835997109
FOMC statements,FOMC,1999-10-05,0,0,225,Cumulative rate-change index,1.3714813266823003
FOMC statements,FOMC,1999-11-16,0.2857142857142857,25,250,Dictionary net score,1.433120350744071
FOMC statements,FOMC,1999-11-16,0.2857142857142857,25,250,Cumulative rate-change index,1.487044864654834
FOMC statements,FOMC,1999-12-21,0.09090909090909093,0,250,Dictionary net score,0.5960091686001892
FOMC statements,FOMC,1999-12-21,0.09090909090909093,0,250,Cumulative rate-change index,1.487044864654834
FOMC statements,FOMC,2000-02-02,0.2307692307692308,25,275,Dictionary net score,1.1970120686009251
FOMC statements,FOMC,2000-02-02,0.2307692307692308,25,275,Cumulative rate-change index,1.6026084026273675
FOMC statements,FOMC,2000-03-21,0.2307692307692308,25,300,Dictionary net score,1.1970120686009251
FOMC statements,FOMC,2000-03-21,0.2307692307692308,25,300,Cumulative rate-change index,1.7181719405999012
FOMC statements,FOMC,2000-05-16,0.16666666666666666,50,350,Dictionary net score,0.9215524061005878
FOMC statements,FOMC,2000-05-16,0.16666666666666666,50,350,Cumulative rate-change index,1.9492990165449684
FOMC statements,FOMC,2000-06-28,0.09090909090909093,0,350,Dictionary net score,0.5960091686001892
FOMC statements,FOMC,2000-06-28,0.09090909090909093,0,350,Cumulative rate-change index,1.9492990165449684
FOMC statements,FOMC,2000-08-22,0.09090909090909093,0,350,Dictionary net score,0.5960091686001892
FOMC statements,FOMC,2000-08-22,0.09090909090909093,0,350,Cumulative rate-change index,1.9492990165449684
FOMC statements,FOMC,2000-10-03,0.09090909090909093,0,350,Dictionary net score,0.5960091686001892
FOMC statements,FOMC,2000-10-03,0.09090909090909093,0,350,Cumulative rate-change index,1.9492990165449684
FOMC statements,FOMC,2000-11-15,0,0,350,Dictionary net score,0.2053572835997109
FOMC statements,FOMC,2000-11-15,0,0,350,Cumulative rate-change index,1.9492990165449684
FOMC statements,FOMC,2000-12-19,-0.16666666666666666,0,350,Dictionary net score,-0.510837838901166
FOMC statements,FOMC,2000-12-19,-0.16666666666666666,0,350,Cumulative rate-change index,1.9492990165449684
FOMC statements,FOMC,2001-01-03,-0.2857142857142857,-50,300,Dictionary net score,-1.0224057835446494
FOMC statements,FOMC,2001-01-03,-0.2857142857142857,-50,300,Cumulative rate-change index,1.7181719405999012
FOMC statements,FOMC,2001-01-31,-0.375,-50,250,Dictionary net score,-1.4060817420272622
FOMC statements,FOMC,2001-01-31,-0.375,-50,250,Cumulative rate-change index,1.487044864654834
FOMC statements,FOMC,2001-03-20,-0.3333333333333333,-50,200,Dictionary net score,-1.2270329614020425
FOMC statements,FOMC,2001-03-20,-0.3333333333333333,-50,200,Cumulative rate-change index,1.2559177887097666
FOMC statements,FOMC,2001-04-18,-0.25,-50,150,Dictionary net score,-0.8689354001516044
FOMC statements,FOMC,2001-04-18,-0.25,-50,150,Cumulative rate-change index,1.0247907127646994
FOMC statements,FOMC,2001-05-15,-0.3333333333333333,-50,100,Dictionary net score,-1.2270329614020425
FOMC statements,FOMC,2001-05-15,-0.3333333333333333,-50,100,Cumulative rate-change index,0.793663636819632
FOMC statements,FOMC,2001-06-27,-0.3333333333333333,-25,75,Dictionary net score,-1.2270329614020425
FOMC statements,FOMC,2001-06-27,-0.3333333333333333,-25,75,Cumulative rate-change index,0.6781000988470983
FOMC statements,FOMC,2001-08-21,-0.3333333333333333,-25,50,Dictionary net score,-1.2270329614020425
FOMC statements,FOMC,2001-08-21,-0.3333333333333333,-25,50,Cumulative rate-change index,0.5625365608745646
FOMC statements,FOMC,2001-09-17,-0.3333333333333333,-50,0,Dictionary net score,-1.2270329614020425
FOMC statements,FOMC,2001-09-17,-0.3333333333333333,-50,0,Cumulative rate-change index,0.33140948492949734
FOMC statements,FOMC,2001-10-02,-0.3333333333333333,-50,-50,Dictionary net score,-1.2270329614020425
FOMC statements,FOMC,2001-10-02,-0.3333333333333333,-50,-50,Cumulative rate-change index,0.10028240898443003
FOMC statements,FOMC,2001-11-06,-0.3333333333333333,-50,-100,Dictionary net score,-1.2270329614020425
FOMC statements,FOMC,2001-11-06,-0.3333333333333333,-50,-100,Cumulative rate-change index,-0.13084466696063726
FOMC statements,FOMC,2001-12-11,-0.25,-25,-125,Dictionary net score,-0.8689354001516044
FOMC statements,FOMC,2001-12-11,-0.25,-25,-125,Cumulative rate-change index,-0.24640820493317092
FOMC statements,FOMC,2002-01-30,-0.2857142857142857,0,-125,Dictionary net score,-1.0224057835446494
FOMC statements,FOMC,2002-01-30,-0.2857142857142857,0,-125,Cumulative rate-change index,-0.24640820493317092
FOMC statements,FOMC,2002-03-19,0.09090909090909093,0,-125,Dictionary net score,0.5960091686001892
FOMC statements,FOMC,2002-03-19,0.09090909090909093,0,-125,Cumulative rate-change index,-0.24640820493317092
FOMC statements,FOMC,2002-05-07,0.09090909090909093,0,-125,Dictionary net score,0.5960091686001892
FOMC statements,FOMC,2002-05-07,0.09090909090909093,0,-125,Cumulative rate-change index,-0.24640820493317092
FOMC statements,FOMC,2002-06-26,0.09090909090909093,0,-125,Dictionary net score,0.5960091686001892
FOMC statements,FOMC,2002-06-26,0.09090909090909093,0,-125,Cumulative rate-change index,-0.24640820493317092
FOMC statements,FOMC,2002-08-13,-0.2857142857142857,0,-125,Dictionary net score,-1.0224057835446494
FOMC statements,FOMC,2002-08-13,-0.2857142857142857,0,-125,Cumulative rate-change index,-0.24640820493317092
FOMC statements,FOMC,2002-09-24,-0.2857142857142857,0,-125,Dictionary net score,-1.0224057835446494
FOMC statements,FOMC,2002-09-24,-0.2857142857142857,0,-125,Cumulative rate-change index,-0.24640820493317092
FOMC statements,FOMC,2002-11-06,-0.375,-50,-175,Dictionary net score,-1.4060817420272622
FOMC statements,FOMC,2002-11-06,-0.375,-50,-175,Cumulative rate-change index,-0.4775352808782382
FOMC statements,FOMC,2002-12-10,-0.16666666666666666,0,-175,Dictionary net score,-0.510837838901166
FOMC statements,FOMC,2002-12-10,-0.16666666666666666,0,-175,Cumulative rate-change index,-0.4775352808782382
FOMC statements,FOMC,2003-01-29,-0.16666666666666666,0,-175,Dictionary net score,-0.510837838901166
FOMC statements,FOMC,2003-01-29,-0.16666666666666666,0,-175,Cumulative rate-change index,-0.4775352808782382
FOMC statements,FOMC,2003-03-18,-0.07692307692307693,0,-175,Dictionary net score,-0.12519431140069384
FOMC statements,FOMC,2003-03-18,-0.07692307692307693,0,-175,Cumulative rate-change index,-0.4775352808782382
FOMC statements,FOMC,2003-05-06,-0.2857142857142857,0,-175,Dictionary net score,-1.0224057835446494
FOMC statements,FOMC,2003-05-06,-0.2857142857142857,0,-175,Cumulative rate-change index,-0.4775352808782382
FOMC statements,FOMC,2003-06-25,-0.3684210526315789,-25,-200,Dictionary net score,-1.377810881928543
FOMC statements,FOMC,2003-06-25,-0.3684210526315789,-25,-200,Cumulative rate-change index,-0.5930988188507718
FOMC statements,FOMC,2003-08-12,-0.17647058823529413,0,-200,Dictionary net score,-0.5529669637541588
FOMC statements,FOMC,2003-08-12,-0.17647058823529413,0,-200,Cumulative rate-change index,-0.5930988188507718
FOMC statements,FOMC,2003-09-16,-0.17647058823529413,0,-200,Dictionary net score,-0.5529669637541588
FOMC statements,FOMC,2003-09-16,-0.17647058823529413,0,-200,Cumulative rate-change index,-0.5930988188507718
FOMC statements,FOMC,2003-10-28,-0.17647058823529413,0,-200,Dictionary net score,-0.5529669637541588
FOMC statements,FOMC,2003-10-28,-0.17647058823529413,0,-200,Cumulative rate-change index,-0.5930988188507718
FOMC statements,FOMC,2003-12-09,-0.25,0,-200,Dictionary net score,-0.8689354001516044
FOMC statements,FOMC,2003-12-09,-0.25,0,-200,Cumulative rate-change index,-0.5930988188507718
FOMC statements,FOMC,2004-01-28,-0.25,0,-200,Dictionary net score,-0.8689354001516044
FOMC statements,FOMC,2004-01-28,-0.25,0,-200,Cumulative rate-change index,-0.5930988188507718
FOMC statements,FOMC,2004-03-16,-0.15789473684210523,0,-200,Dictionary net score,-0.4731433587695407
FOMC statements,FOMC,2004-03-16,-0.15789473684210523,0,-200,Cumulative rate-change index,-0.5930988188507718
FOMC statements,FOMC,2004-05-04,-0.2,0,-200,Dictionary net score,-0.6540768634013414
FOMC statements,FOMC,2004-05-04,-0.2,0,-200,Cumulative rate-change index,-0.5930988188507718
FOMC statements,FOMC,2004-06-30,0.04761904761904761,25,-175,Dictionary net score,0.40998446145710427
FOMC statements,FOMC,2004-06-30,0.04761904761904761,25,-175,Cumulative rate-change index,-0.4775352808782382
FOMC statements,FOMC,2004-08-10,0,25,-150,Dictionary net score,0.2053572835997109
FOMC statements,FOMC,2004-08-10,0,25,-150,Cumulative rate-change index,-0.36197174290570455
FOMC statements,FOMC,2004-09-21,0,25,-125,Dictionary net score,0.2053572835997109
FOMC statements,FOMC,2004-09-21,0,25,-125,Cumulative rate-change index,-0.24640820493317092
FOMC statements,FOMC,2004-11-10,0,25,-100,Dictionary net score,0.2053572835997109
FOMC statements,FOMC,2004-11-10,0,25,-100,Cumulative rate-change index,-0.13084466696063726
FOMC statements,FOMC,2004-12-14,0,25,-75,Dictionary net score,0.2053572835997109
FOMC statements,FOMC,2004-12-14,0,25,-75,Cumulative rate-change index,-0.015281128988103621
FOMC statements,FOMC,2005-02-02,0,25,-50,Dictionary net score,0.2053572835997109
FOMC statements,FOMC,2005-02-02,0,25,-50,Cumulative rate-change index,0.10028240898443003
FOMC statements,FOMC,2005-03-22,0.1,25,-25,Dictionary net score,0.6350743571002371
FOMC statements,FOMC,2005-03-22,0.1,25,-25,Cumulative rate-change index,0.21584594695696369
FOMC statements,FOMC,2005-05-03,0.04761904761904761,25,0,Dictionary net score,0.40998446145710427
FOMC statements,FOMC,2005-05-03,0.04761904761904761,25,0,Cumulative rate-change index,0.33140948492949734
FOMC statements,FOMC,2005-06-30,0,25,25,Dictionary net score,0.2053572835997109
FOMC statements,FOMC,2005-06-30,0,25,25,Cumulative rate-change index,0.446973022902031
FOMC statements,FOMC,2005-08-09,0.05263157894736842,25,50,Dictionary net score,0.43152416438946145
FOMC statements,FOMC,2005-08-09,0.05263157894736842,25,50,Cumulative rate-change index,0.5625365608745646
FOMC statements,FOMC,2005-09-20,0.05263157894736842,25,75,Dictionary net score,0.43152416438946145
FOMC statements,FOMC,2005-09-20,0.05263157894736842,25,75,Cumulative rate-change index,0.6781000988470983
FOMC statements,FOMC,2005-11-01,0.05263157894736842,25,100,Dictionary net score,0.43152416438946145
FOMC statements,FOMC,2005-11-01,0.05263157894736842,25,100,Cumulative rate-change index,0.793663636819632
FOMC statements,FOMC,2005-12-13,0.2307692307692308,25,125,Dictionary net score,1.1970120686009251
FOMC statements,FOMC,2005-12-13,0.2307692307692308,25,125,Cumulative rate-change index,0.9092271747921656
FOMC statements,FOMC,2006-01-31,0.2857142857142857,25,150,Dictionary net score,1.433120350744071
FOMC statements,FOMC,2006-01-31,0.2857142857142857,25,150,Cumulative rate-change index,1.0247907127646994
FOMC statements,FOMC,2006-03-28,0.3333333333333333,25,175,Dictionary net score,1.6377475286014647
FOMC statements,FOMC,2006-03-28,0.3333333333333333,25,175,Cumulative rate-change index,1.1403542507372328
FOMC statements,FOMC,2006-05-10,0.3333333333333333,25,200,Dictionary net score,1.6377475286014647
FOMC statements,FOMC,2006-05-10,0.3333333333333333,25,200,Cumulative rate-change index,1.2559177887097666
FOMC statements,FOMC,2006-06-29,0.375,25,225,Dictionary net score,1.8167963092266837
FOMC statements,FOMC,2006-06-29,0.375,25,225,Cumulative rate-change index,1.3714813266823003
FOMC statements,FOMC,2006-08-08,0.2307692307692308,0,225,Dictionary net score,1.1970120686009251
FOMC statements,FOMC,2006-08-08,0.2307692307692308,0,225,Cumulative rate-change index,1.3714813266823003
FOMC statements,FOMC,2006-09-20,0.16666666666666666,0,225,Dictionary net score,0.9215524061005878
FOMC statements,FOMC,2006-09-20,0.16666666666666666,0,225,Cumulative rate-change index,1.3714813266823003
FOMC statements,FOMC,2006-10-25,0.07692307692307693,0,225,Dictionary net score,0.5359088786001156
FOMC statements,FOMC,2006-10-25,0.07692307692307693,0,225,Cumulative rate-change index,1.3714813266823003
FOMC statements,FOMC,2006-12-12,0.07692307692307693,0,225,Dictionary net score,0.5359088786001156
FOMC statements,FOMC,2006-12-12,0.07692307692307693,0,225,Cumulative rate-change index,1.3714813266823003
FOMC statements,FOMC,2007-01-31,0.09090909090909093,0,225,Dictionary net score,0.5960091686001892
FOMC statements,FOMC,2007-01-31,0.09090909090909093,0,225,Cumulative rate-change index,1.3714813266823003
FOMC statements,FOMC,2007-03-21,0.16666666666666666,0,225,Dictionary net score,0.9215524061005878
FOMC statements,FOMC,2007-03-21,0.16666666666666666,0,225,Cumulative rate-change index,1.3714813266823003
FOMC statements,FOMC,2007-05-09,0,0,225,Dictionary net score,0.2053572835997109
FOMC statements,FOMC,2007-05-09,0,0,225,Cumulative rate-change index,1.3714813266823003
FOMC statements,FOMC,2007-06-28,0,NA,225,Dictionary net score,0.2053572835997109
FOMC statements,FOMC,2007-06-28,0,NA,225,Cumulative rate-change index,1.3714813266823003
FOMC statements,FOMC,2007-08-07,0.06666666666666667,0,225,Dictionary net score,0.4918353326000616
FOMC statements,FOMC,2007-08-07,0.06666666666666667,0,225,Cumulative rate-change index,1.3714813266823003
FOMC statements,FOMC,2007-08-17,-0.09090909090909093,NA,225,Dictionary net score,-0.18529460140076748
FOMC statements,FOMC,2007-08-17,-0.09090909090909093,NA,225,Cumulative rate-change index,1.3714813266823003
FOMC statements,FOMC,2007-09-18,-0.07692307692307693,-50,175,Dictionary net score,-0.12519431140069384
FOMC statements,FOMC,2007-09-18,-0.07692307692307693,-50,175,Cumulative rate-change index,1.1403542507372328
FOMC statements,FOMC,2007-10-31,0,-25,150,Dictionary net score,0.2053572835997109
FOMC statements,FOMC,2007-10-31,0,-25,150,Cumulative rate-change index,1.0247907127646994
FOMC statements,FOMC,2007-12-11,-0.125,-25,125,Dictionary net score,-0.33178905827594674
FOMC statements,FOMC,2007-12-11,-0.125,-25,125,Cumulative rate-change index,0.9092271747921656
FOMC statements,FOMC,2008-01-22,-0.4444444444444444,-75,50,Dictionary net score,-1.7044963764026275
FOMC statements,FOMC,2008-01-22,-0.4444444444444444,-75,50,Cumulative rate-change index,0.5625365608745646
FOMC statements,FOMC,2008-01-30,-0.3333333333333333,-50,0,Dictionary net score,-1.2270329614020425
FOMC statements,FOMC,2008-01-30,-0.3333333333333333,-50,0,Cumulative rate-change index,0.33140948492949734
FOMC statements,FOMC,2008-03-11,0,NA,0,Dictionary net score,0.2053572835997109
FOMC statements,FOMC,2008-03-11,0,NA,0,Cumulative rate-change index,0.33140948492949734
FOMC statements,FOMC,2008-03-18,-0.2,-75,-75,Dictionary net score,-0.6540768634013414
FOMC statements,FOMC,2008-03-18,-0.2,-75,-75,Cumulative rate-change index,-0.015281128988103621
FOMC statements,FOMC,2008-04-30,-0.14285714285714285,-25,-100,Dictionary net score,-0.4085242499724692
FOMC statements,FOMC,2008-04-30,-0.14285714285714285,-25,-100,Cumulative rate-change index,-0.13084466696063726
FOMC statements,FOMC,2008-06-25,-0.06666666666666667,0,-100,Dictionary net score,-0.08112076540063985
FOMC statements,FOMC,2008-06-25,-0.06666666666666667,0,-100,Cumulative rate-change index,-0.13084466696063726
FOMC statements,FOMC,2008-08-05,-0.06666666666666667,0,-100,Dictionary net score,-0.08112076540063985
FOMC statements,FOMC,2008-08-05,-0.06666666666666667,0,-100,Cumulative rate-change index,-0.13084466696063726
FOMC statements,FOMC,2008-09-16,-0.06666666666666667,0,-100,Dictionary net score,-0.08112076540063985
FOMC statements,FOMC,2008-09-16,-0.06666666666666667,0,-100,Cumulative rate-change index,-0.13084466696063726
FOMC statements,FOMC,2008-10-08,-0.04761904761904761,-50,-150,Dictionary net score,7.30105742317545e-4
FOMC statements,FOMC,2008-10-08,-0.04761904761904761,-50,-150,Cumulative rate-change index,-0.36197174290570455
FOMC statements,FOMC,2008-10-29,-0.4117647058823529,-50,-200,Dictionary net score,-1.564065960225985
FOMC statements,FOMC,2008-10-29,-0.4117647058823529,-50,-200,Cumulative rate-change index,-0.5930988188507718
FOMC statements,FOMC,2008-12-16,0,-100,-300,Dictionary net score,0.2053572835997109
FOMC statements,FOMC,2008-12-16,0,-100,-300,Cumulative rate-change index,-1.0553529707409064
FOMC statements,FOMC,2009-01-28,-0.2307692307692308,0,-300,Dictionary net score,-0.7862975014015033
FOMC statements,FOMC,2009-01-28,-0.2307692307692308,0,-300,Cumulative rate-change index,-1.0553529707409064
FOMC statements,FOMC,2009-03-18,-0.2307692307692308,0,-300,Dictionary net score,-0.7862975014015033
FOMC statements,FOMC,2009-03-18,-0.2307692307692308,0,-300,Cumulative rate-change index,-1.0553529707409064
FOMC statements,FOMC,2009-04-29,-0.2307692307692308,0,-300,Dictionary net score,-0.7862975014015033
FOMC statements,FOMC,2009-04-29,-0.2307692307692308,0,-300,Cumulative rate-change index,-1.0553529707409064
FOMC statements,FOMC,2009-06-24,-0.14285714285714285,0,-300,Dictionary net score,-0.4085242499724692
FOMC statements,FOMC,2009-06-24,-0.14285714285714285,0,-300,Cumulative rate-change index,-1.0553529707409064
FOMC statements,FOMC,2009-08-12,-0.14285714285714285,0,-300,Dictionary net score,-0.4085242499724692
FOMC statements,FOMC,2009-08-12,-0.14285714285714285,0,-300,Cumulative rate-change index,-1.0553529707409064
FOMC statements,FOMC,2009-09-23,-0.2,0,-300,Dictionary net score,-0.6540768634013414
FOMC statements,FOMC,2009-09-23,-0.2,0,-300,Cumulative rate-change index,-1.0553529707409064
FOMC statements,FOMC,2009-11-04,-0.25,0,-300,Dictionary net score,-0.8689354001516044
FOMC statements,FOMC,2009-11-04,-0.25,0,-300,Cumulative rate-change index,-1.0553529707409064
FOMC statements,FOMC,2009-12-16,-0.25,0,-300,Dictionary net score,-0.8689354001516044
FOMC statements,FOMC,2009-12-16,-0.25,0,-300,Cumulative rate-change index,-1.0553529707409064
FOMC statements,FOMC,2010-01-27,-0.2,0,-300,Dictionary net score,-0.6540768634013414
FOMC statements,FOMC,2010-01-27,-0.2,0,-300,Cumulative rate-change index,-1.0553529707409064
FOMC statements,FOMC,2010-03-16,-0.25,0,-300,Dictionary net score,-0.8689354001516044
FOMC statements,FOMC,2010-03-16,-0.25,0,-300,Cumulative rate-change index,-1.0553529707409064
FOMC statements,FOMC,2010-04-28,-0.17647058823529413,0,-300,Dictionary net score,-0.5529669637541588
FOMC statements,FOMC,2010-04-28,-0.17647058823529413,0,-300,Cumulative rate-change index,-1.0553529707409064
FOMC statements,FOMC,2010-06-23,-0.1111111111111111,0,-300,Dictionary net score,-0.27210613140087364
FOMC statements,FOMC,2010-06-23,-0.1111111111111111,0,-300,Cumulative rate-change index,-1.0553529707409064
FOMC statements,FOMC,2010-08-10,-0.2222222222222222,0,-300,Dictionary net score,-0.7495695464014582
FOMC statements,FOMC,2010-08-10,-0.2222222222222222,0,-300,Cumulative rate-change index,-1.0553529707409064
FOMC statements,FOMC,2010-09-21,-0.2,0,-300,Dictionary net score,-0.6540768634013414
FOMC statements,FOMC,2010-09-21,-0.2,0,-300,Cumulative rate-change index,-1.0553529707409064
FOMC statements,FOMC,2010-11-03,-0.3,0,-300,Dictionary net score,-1.0837939369018672
FOMC statements,FOMC,2010-11-03,-0.3,0,-300,Cumulative rate-change index,-1.0553529707409064
FOMC statements,FOMC,2010-12-14,-0.23809523809523808,0,-300,Dictionary net score,-0.817778605687256
FOMC statements,FOMC,2010-12-14,-0.23809523809523808,0,-300,Cumulative rate-change index,-1.0553529707409064
FOMC statements,FOMC,2011-01-26,-0.2,0,-300,Dictionary net score,-0.6540768634013414
FOMC statements,FOMC,2011-01-26,-0.2,0,-300,Cumulative rate-change index,-1.0553529707409064
FOMC statements,FOMC,2011-03-15,-0.04761904761904761,0,-300,Dictionary net score,7.30105742317545e-4
FOMC statements,FOMC,2011-03-15,-0.04761904761904761,0,-300,Cumulative rate-change index,-1.0553529707409064
FOMC statements,FOMC,2011-04-27,0.05263157894736842,0,-300,Dictionary net score,0.43152416438946145
FOMC statements,FOMC,2011-04-27,0.05263157894736842,0,-300,Cumulative rate-change index,-1.0553529707409064
FOMC statements,FOMC,2011-06-22,-0.06666666666666667,0,-300,Dictionary net score,-0.08112076540063985
FOMC statements,FOMC,2011-06-22,-0.06666666666666667,0,-300,Cumulative rate-change index,-1.0553529707409064
FOMC statements,FOMC,2011-08-09,-0.2222222222222222,0,-300,Dictionary net score,-0.7495695464014582
FOMC statements,FOMC,2011-08-09,-0.2222222222222222,0,-300,Cumulative rate-change index,-1.0553529707409064
FOMC statements,FOMC,2011-09-21,-0.25,0,-300,Dictionary net score,-0.8689354001516044
FOMC statements,FOMC,2011-09-21,-0.25,0,-300,Cumulative rate-change index,-1.0553529707409064
FOMC statements,FOMC,2011-11-02,-0.125,0,-300,Dictionary net score,-0.33178905827594674
FOMC statements,FOMC,2011-11-02,-0.125,0,-300,Cumulative rate-change index,-1.0553529707409064
FOMC statements,FOMC,2011-12-13,-0.2307692307692308,0,-300,Dictionary net score,-0.7862975014015033
FOMC statements,FOMC,2011-12-13,-0.2307692307692308,0,-300,Cumulative rate-change index,-1.0553529707409064
FOMC statements,FOMC,2012-01-25,-0.2857142857142857,0,-300,Dictionary net score,-1.0224057835446494
FOMC statements,FOMC,2012-01-25,-0.2857142857142857,0,-300,Cumulative rate-change index,-1.0553529707409064
FOMC statements,FOMC,2012-03-13,-0.2857142857142857,0,-300,Dictionary net score,-1.0224057835446494
FOMC statements,FOMC,2012-03-13,-0.2857142857142857,0,-300,Cumulative rate-change index,-1.0553529707409064
FOMC statements,FOMC,2012-04-25,-0.2,0,-300,Dictionary net score,-0.6540768634013414
FOMC statements,FOMC,2012-04-25,-0.2,0,-300,Cumulative rate-change index,-1.0553529707409064
FOMC statements,FOMC,2012-06-20,-0.4117647058823529,0,-300,Dictionary net score,-1.564065960225985
FOMC statements,FOMC,2012-06-20,-0.4117647058823529,0,-300,Cumulative rate-change index,-1.0553529707409064
FOMC statements,FOMC,2012-08-01,-0.3333333333333333,0,-300,Dictionary net score,-1.2270329614020425
FOMC statements,FOMC,2012-08-01,-0.3333333333333333,0,-300,Cumulative rate-change index,-1.0553529707409064
FOMC statements,FOMC,2012-09-13,-0.3333333333333333,0,-300,Dictionary net score,-1.2270329614020425
FOMC statements,FOMC,2012-09-13,-0.3333333333333333,0,-300,Cumulative rate-change index,-1.0553529707409064
FOMC statements,FOMC,2012-10-24,-0.3636363636363637,0,-300,Dictionary net score,-1.3572502564022024
FOMC statements,FOMC,2012-10-24,-0.3636363636363637,0,-300,Cumulative rate-change index,-1.0553529707409064
FOMC statements,FOMC,2012-12-12,-0.4074074074074074,0,-300,Dictionary net score,-1.5453419047357657
FOMC statements,FOMC,2012-12-12,-0.4074074074074074,0,-300,Cumulative rate-change index,-1.0553529707409064
FOMC statements,FOMC,2013-01-30,-0.4074074074074074,0,-300,Dictionary net score,-1.5453419047357657
FOMC statements,FOMC,2013-01-30,-0.4074074074074074,0,-300,Cumulative rate-change index,-1.0553529707409064
FOMC statements,FOMC,2013-03-20,-0.38461538461538464,0,-300,Dictionary net score,-1.4474006914023125
FOMC statements,FOMC,2013-03-20,-0.38461538461538464,0,-300,Cumulative rate-change index,-1.0553529707409064
FOMC statements,FOMC,2013-05-01,-0.4615384615384616,0,-300,Dictionary net score,-1.7779522864027175
FOMC statements,FOMC,2013-05-01,-0.4615384615384616,0,-300,Cumulative rate-change index,-1.0553529707409064
FOMC statements,FOMC,2013-06-19,-0.48148148148148145,0,-300,Dictionary net score,-1.8636508480694887
FOMC statements,FOMC,2013-06-19,-0.48148148148148145,0,-300,Cumulative rate-change index,-1.0553529707409064
FOMC statements,FOMC,2013-07-31,-0.4615384615384616,0,-300,Dictionary net score,-1.7779522864027175
FOMC statements,FOMC,2013-07-31,-0.4615384615384616,0,-300,Cumulative rate-change index,-1.0553529707409064
FOMC statements,FOMC,2013-09-18,-0.5172413793103449,0,-300,Dictionary net score,-2.017317234506459
FOMC statements,FOMC,2013-09-18,-0.5172413793103449,0,-300,Cumulative rate-change index,-1.0553529707409064
FOMC statements,FOMC,2013-10-30,-0.4482758620689655,0,-300,Dictionary net score,-1.720960632092303
FOMC statements,FOMC,2013-10-30,-0.4482758620689655,0,-300,Cumulative rate-change index,-1.0553529707409064
FOMC statements,FOMC,2013-12-18,-0.41935483870967744,0,-300,Dictionary net score,-1.5966820568863662
FOMC statements,FOMC,2013-12-18,-0.41935483870967744,0,-300,Cumulative rate-change index,-1.0553529707409064
FOMC statements,FOMC,2014-01-29,-0.48148148148148145,0,-300,Dictionary net score,-1.8636508480694887
FOMC statements,FOMC,2014-01-29,-0.48148148148148145,0,-300,Cumulative rate-change index,-1.0553529707409064
FOMC statements,FOMC,2014-03-19,-0.35714285714285715,0,-300,Dictionary net score,-1.3293465503307393
FOMC statements,FOMC,2014-03-19,-0.35714285714285715,0,-300,Cumulative rate-change index,-1.0553529707409064
FOMC statements,FOMC,2014-04-30,-0.44,0,-300,Dictionary net score,-1.685397839802604
FOMC statements,FOMC,2014-04-30,-0.44,0,-300,Cumulative rate-change index,-1.0553529707409064
FOMC statements,FOMC,2014-06-18,-0.44,0,-300,Dictionary net score,-1.685397839802604
FOMC statements,FOMC,2014-06-18,-0.44,0,-300,Cumulative rate-change index,-1.0553529707409064
FOMC statements,FOMC,2014-07-30,-0.48148148148148145,0,-300,Dictionary net score,-1.8636508480694887
FOMC statements,FOMC,2014-07-30,-0.48148148148148145,0,-300,Cumulative rate-change index,-1.0553529707409064
FOMC statements,FOMC,2014-09-17,-0.4666666666666667,0,-300,Dictionary net score,-1.7999890594027446
FOMC statements,FOMC,2014-09-17,-0.4666666666666667,0,-300,Cumulative rate-change index,-1.0553529707409064
FOMC statements,FOMC,2014-10-29,-0.44,0,-300,Dictionary net score,-1.685397839802604
FOMC statements,FOMC,2014-10-29,-0.44,0,-300,Cumulative rate-change index,-1.0553529707409064
FOMC statements,FOMC,2014-12-17,-0.42857142857142855,0,-300,Dictionary net score,-1.6362873171168293
FOMC statements,FOMC,2014-12-17,-0.42857142857142855,0,-300,Cumulative rate-change index,-1.0553529707409064
FOMC statements,FOMC,2015-01-28,-0.125,0,-300,Dictionary net score,-0.33178905827594674
FOMC statements,FOMC,2015-01-28,-0.125,0,-300,Cumulative rate-change index,-1.0553529707409064
FOMC statements,FOMC,2015-03-18,-0.1111111111111111,0,-300,Dictionary net score,-0.27210613140087364
FOMC statements,FOMC,2015-03-18,-0.1111111111111111,0,-300,Cumulative rate-change index,-1.0553529707409064
FOMC statements,FOMC,2015-04-29,-0.1111111111111111,0,-300,Dictionary net score,-0.27210613140087364
FOMC statements,FOMC,2015-04-29,-0.1111111111111111,0,-300,Cumulative rate-change index,-1.0553529707409064
FOMC statements,FOMC,2015-06-17,0,0,-300,Dictionary net score,0.2053572835997109
FOMC statements,FOMC,2015-06-17,0,0,-300,Cumulative rate-change index,-1.0553529707409064
FOMC statements,FOMC,2015-07-29,0,0,-300,Dictionary net score,0.2053572835997109
FOMC statements,FOMC,2015-07-29,0,0,-300,Cumulative rate-change index,-1.0553529707409064
FOMC statements,FOMC,2015-09-17,0.0588235294117647,0,-300,Dictionary net score,0.4581320327176674
FOMC statements,FOMC,2015-09-17,0.0588235294117647,0,-300,Cumulative rate-change index,-1.0553529707409064
FOMC statements,FOMC,2015-10-28,0.15789473684210523,0,-300,Dictionary net score,0.8838579259689625
FOMC statements,FOMC,2015-10-28,0.15789473684210523,0,-300,Cumulative rate-change index,-1.0553529707409064
FOMC statements,FOMC,2015-12-16,0.125,25,-275,Dictionary net score,0.7425036254753685
FOMC statements,FOMC,2015-12-16,0.125,25,-275,Cumulative rate-change index,-0.9397894327683728
FOMC statements,FOMC,2016-01-27,-0.06666666666666667,0,-275,Dictionary net score,-0.08112076540063985
FOMC statements,FOMC,2016-01-27,-0.06666666666666667,0,-275,Cumulative rate-change index,-0.9397894327683728
FOMC statements,FOMC,2016-03-16,0,0,-275,Dictionary net score,0.2053572835997109
FOMC statements,FOMC,2016-03-16,0,0,-275,Cumulative rate-change index,-0.9397894327683728
FOMC statements,FOMC,2016-04-27,0.06666666666666667,0,-275,Dictionary net score,0.4918353326000616
FOMC statements,FOMC,2016-04-27,0.06666666666666667,0,-275,Cumulative rate-change index,-0.9397894327683728
FOMC statements,FOMC,2016-06-15,0,0,-275,Dictionary net score,0.2053572835997109
FOMC statements,FOMC,2016-06-15,0,0,-275,Cumulative rate-change index,-0.9397894327683728
FOMC statements,FOMC,2016-07-27,0,0,-275,Dictionary net score,0.2053572835997109
FOMC statements,FOMC,2016-07-27,0,0,-275,Cumulative rate-change index,-0.9397894327683728
FOMC statements,FOMC,2016-09-21,0.06666666666666667,0,-275,Dictionary net score,0.4918353326000616
FOMC statements,FOMC,2016-09-21,0.06666666666666667,0,-275,Cumulative rate-change index,-0.9397894327683728
FOMC statements,FOMC,2016-11-02,0.06666666666666667,0,-275,Dictionary net score,0.4918353326000616
FOMC statements,FOMC,2016-11-02,0.06666666666666667,0,-275,Cumulative rate-change index,-0.9397894327683728
FOMC statements,FOMC,2016-12-14,0.125,25,-250,Dictionary net score,0.7425036254753685
FOMC statements,FOMC,2016-12-14,0.125,25,-250,Cumulative rate-change index,-0.8242258947958391
FOMC statements,FOMC,2017-02-01,0.06666666666666667,0,-250,Dictionary net score,0.4918353326000616
FOMC statements,FOMC,2017-02-01,0.06666666666666667,0,-250,Cumulative rate-change index,-0.8242258947958391
FOMC statements,FOMC,2017-03-15,0.17647058823529413,25,-225,Dictionary net score,0.9636815309535806
FOMC statements,FOMC,2017-03-15,0.17647058823529413,25,-225,Cumulative rate-change index,-0.7086623568233055
FOMC statements,FOMC,2017-05-03,0,0,-225,Dictionary net score,0.2053572835997109
FOMC statements,FOMC,2017-05-03,0,0,-225,Cumulative rate-change index,-0.7086623568233055
FOMC statements,FOMC,2017-06-14,0.05263157894736842,25,-200,Dictionary net score,0.43152416438946145
FOMC statements,FOMC,2017-06-14,0.05263157894736842,25,-200,Cumulative rate-change index,-0.5930988188507718
FOMC statements,FOMC,2017-07-26,0.06666666666666667,0,-200,Dictionary net score,0.4918353326000616
FOMC statements,FOMC,2017-07-26,0.06666666666666667,0,-200,Cumulative rate-change index,-0.5930988188507718
FOMC statements,FOMC,2017-09-20,0.14285714285714285,0,-200,Dictionary net score,0.8192388171718911
FOMC statements,FOMC,2017-09-20,0.14285714285714285,0,-200,Cumulative rate-change index,-0.5930988188507718
FOMC statements,FOMC,2017-11-01,0,0,-200,Dictionary net score,0.2053572835997109
FOMC statements,FOMC,2017-11-01,0,0,-200,Cumulative rate-change index,-0.5930988188507718
FOMC statements,FOMC,2017-12-13,0.2,25,-175,Dictionary net score,1.064791430600763
FOMC statements,FOMC,2017-12-13,0.2,25,-175,Cumulative rate-change index,-0.4775352808782382
FOMC statements,FOMC,2018-01-31,0,0,-175,Dictionary net score,0.2053572835997109
FOMC statements,FOMC,2018-01-31,0,0,-175,Cumulative rate-change index,-0.4775352808782382
FOMC statements,FOMC,2018-03-21,0.2,25,-150,Dictionary net score,1.064791430600763
FOMC statements,FOMC,2018-03-21,0.2,25,-150,Cumulative rate-change index,-0.36197174290570455
FOMC statements,FOMC,2018-05-02,0.07692307692307693,0,-150,Dictionary net score,0.5359088786001156
FOMC statements,FOMC,2018-05-02,0.07692307692307693,0,-150,Cumulative rate-change index,-0.36197174290570455
FOMC statements,FOMC,2018-06-13,0.25,25,-125,Dictionary net score,1.279649967351026
FOMC statements,FOMC,2018-06-13,0.25,25,-125,Cumulative rate-change index,-0.24640820493317092
FOMC statements,FOMC,2018-08-01,0.14285714285714285,0,-125,Dictionary net score,0.8192388171718911
FOMC statements,FOMC,2018-08-01,0.14285714285714285,0,-125,Cumulative rate-change index,-0.24640820493317092
FOMC statements,FOMC,2018-09-26,0.2857142857142857,25,-100,Dictionary net score,1.433120350744071
FOMC statements,FOMC,2018-09-26,0.2857142857142857,25,-100,Cumulative rate-change index,-0.13084466696063726
FOMC statements,FOMC,2018-11-08,0.16666666666666666,0,-100,Dictionary net score,0.9215524061005878
FOMC statements,FOMC,2018-11-08,0.16666666666666666,0,-100,Cumulative rate-change index,-0.13084466696063726
FOMC statements,FOMC,2018-12-19,0.2857142857142857,25,-75,Dictionary net score,1.433120350744071
FOMC statements,FOMC,2018-12-19,0.2857142857142857,25,-75,Cumulative rate-change index,-0.015281128988103621
FOMC statements,FOMC,2019-01-30,0.07692307692307693,0,-75,Dictionary net score,0.5359088786001156
FOMC statements,FOMC,2019-01-30,0.07692307692307693,0,-75,Cumulative rate-change index,-0.015281128988103621
FOMC statements,FOMC,2019-03-20,0,0,-75,Dictionary net score,0.2053572835997109
FOMC statements,FOMC,2019-03-20,0,0,-75,Cumulative rate-change index,-0.015281128988103621
FOMC statements,FOMC,2019-05-01,0.06666666666666667,0,-75,Dictionary net score,0.4918353326000616
FOMC statements,FOMC,2019-05-01,0.06666666666666667,0,-75,Cumulative rate-change index,-0.015281128988103621
FOMC statements,FOMC,2019-06-19,0.17647058823529413,0,-75,Dictionary net score,0.9636815309535806
FOMC statements,FOMC,2019-06-19,0.17647058823529413,0,-75,Cumulative rate-change index,-0.015281128988103621
FOMC statements,FOMC,2019-07-31,0.0588235294117647,-25,-100,Dictionary net score,0.4581320327176674
FOMC statements,FOMC,2019-07-31,0.0588235294117647,-25,-100,Cumulative rate-change index,-0.13084466696063726
FOMC statements,FOMC,2019-09-18,0.05263157894736842,-25,-125,Dictionary net score,0.43152416438946145
FOMC statements,FOMC,2019-09-18,0.05263157894736842,-25,-125,Cumulative rate-change index,-0.24640820493317092
FOMC statements,FOMC,2019-10-30,0.0588235294117647,-25,-150,Dictionary net score,0.4581320327176674
FOMC statements,FOMC,2019-10-30,0.0588235294117647,-25,-150,Cumulative rate-change index,-0.36197174290570455
FOMC statements,FOMC,2019-12-11,0.2,0,-150,Dictionary net score,1.064791430600763
FOMC statements,FOMC,2019-12-11,0.2,0,-150,Cumulative rate-change index,-0.36197174290570455
FOMC statements,FOMC,2020-01-29,0.14285714285714285,0,-150,Dictionary net score,0.8192388171718911
FOMC statements,FOMC,2020-01-29,0.14285714285714285,0,-150,Cumulative rate-change index,-0.36197174290570455
FOMC statements,FOMC,2020-03-03,-0.07692307692307693,-50,-200,Dictionary net score,-0.12519431140069384
FOMC statements,FOMC,2020-03-03,-0.07692307692307693,-50,-200,Cumulative rate-change index,-0.5930988188507718
FOMC statements,FOMC,2020-03-15,-0.1111111111111111,-100,-300,Dictionary net score,-0.27210613140087364
FOMC statements,FOMC,2020-03-15,-0.1111111111111111,-100,-300,Cumulative rate-change index,-1.0553529707409064
FOMC statements,FOMC,2020-03-23,0,NA,-300,Dictionary net score,0.2053572835997109
FOMC statements,FOMC,2020-03-23,0,NA,-300,Cumulative rate-change index,-1.0553529707409064
FOMC statements,FOMC,2020-04-29,-0.25,0,-300,Dictionary net score,-0.8689354001516044
FOMC statements,FOMC,2020-04-29,-0.25,0,-300,Cumulative rate-change index,-1.0553529707409064
FOMC statements,FOMC,2020-06-10,-0.29411764705882354,0,-300,Dictionary net score,-1.0585164619900718
FOMC statements,FOMC,2020-06-10,-0.29411764705882354,0,-300,Cumulative rate-change index,-1.0553529707409064
FOMC statements,FOMC,2020-07-29,-0.25,0,-300,Dictionary net score,-0.8689354001516044
FOMC statements,FOMC,2020-07-29,-0.25,0,-300,Cumulative rate-change index,-1.0553529707409064
FOMC statements,FOMC,2020-09-16,-0.125,0,-300,Dictionary net score,-0.33178905827594674
FOMC statements,FOMC,2020-09-16,-0.125,0,-300,Cumulative rate-change index,-1.0553529707409064
FOMC statements,FOMC,2020-11-05,-0.25,0,-300,Dictionary net score,-0.8689354001516044
FOMC statements,FOMC,2020-11-05,-0.25,0,-300,Cumulative rate-change index,-1.0553529707409064
FOMC statements,FOMC,2020-12-16,-0.3333333333333333,0,-300,Dictionary net score,-1.2270329614020425
FOMC statements,FOMC,2020-12-16,-0.3333333333333333,0,-300,Cumulative rate-change index,-1.0553529707409064
FOMC statements,FOMC,2021-01-27,-0.3333333333333333,0,-300,Dictionary net score,-1.2270329614020425
FOMC statements,FOMC,2021-01-27,-0.3333333333333333,0,-300,Cumulative rate-change index,-1.0553529707409064
FOMC statements,FOMC,2021-03-17,-0.29411764705882354,0,-300,Dictionary net score,-1.0585164619900718
FOMC statements,FOMC,2021-03-17,-0.29411764705882354,0,-300,Cumulative rate-change index,-1.0553529707409064
FOMC statements,FOMC,2021-04-28,-0.3333333333333333,0,-300,Dictionary net score,-1.2270329614020425
FOMC statements,FOMC,2021-04-28,-0.3333333333333333,0,-300,Cumulative rate-change index,-1.0553529707409064
FOMC statements,FOMC,2021-06-16,-0.3333333333333333,0,-300,Dictionary net score,-1.2270329614020425
FOMC statements,FOMC,2021-06-16,-0.3333333333333333,0,-300,Cumulative rate-change index,-1.0553529707409064
FOMC statements,FOMC,2021-07-28,-0.3333333333333333,0,-300,Dictionary net score,-1.2270329614020425
FOMC statements,FOMC,2021-07-28,-0.3333333333333333,0,-300,Cumulative rate-change index,-1.0553529707409064
FOMC statements,FOMC,2021-09-22,-0.3,0,-300,Dictionary net score,-1.0837939369018672
FOMC statements,FOMC,2021-09-22,-0.3,0,-300,Cumulative rate-change index,-1.0553529707409064
FOMC statements,FOMC,2021-11-03,-0.23809523809523808,0,-300,Dictionary net score,-0.817778605687256
FOMC statements,FOMC,2021-11-03,-0.23809523809523808,0,-300,Cumulative rate-change index,-1.0553529707409064
FOMC statements,FOMC,2021-12-15,-0.2631578947368421,0,-300,Dictionary net score,-0.925477120349042
FOMC statements,FOMC,2021-12-15,-0.2631578947368421,0,-300,Cumulative rate-change index,-1.0553529707409064
FOMC statements,FOMC,2022-01-26,0.05263157894736842,0,-300,Dictionary net score,0.43152416438946145
FOMC statements,FOMC,2022-01-26,0.05263157894736842,0,-300,Cumulative rate-change index,-1.0553529707409064
FOMC statements,FOMC,2022-03-16,0.4444444444444444,25,-275,Dictionary net score,2.1152109436020488
FOMC statements,FOMC,2022-03-16,0.4444444444444444,25,-275,Cumulative rate-change index,-0.9397894327683728
FOMC statements,FOMC,2022-05-04,0.4117647058823529,50,-225,Dictionary net score,1.9747805274254064
FOMC statements,FOMC,2022-05-04,0.4117647058823529,50,-225,Cumulative rate-change index,-0.7086623568233055
FOMC statements,FOMC,2022-06-15,0.4545454545454546,75,-150,Dictionary net score,2.158616708602102
FOMC statements,FOMC,2022-06-15,0.4545454545454546,75,-150,Cumulative rate-change index,-0.36197174290570455
FOMC statements,FOMC,2022-07-27,0.42857142857142855,75,-75,Dictionary net score,2.047001884316251
FOMC statements,FOMC,2022-07-27,0.42857142857142855,75,-75,Cumulative rate-change index,-0.015281128988103621
FOMC statements,FOMC,2022-09-21,0.3636363636363637,75,0,Dictionary net score,1.7679648236016245
FOMC statements,FOMC,2022-09-21,0.3636363636363637,75,0,Cumulative rate-change index,0.33140948492949734
FOMC statements,FOMC,2022-11-02,0.4615384615384616,75,75,Dictionary net score,2.1886668536021396
FOMC statements,FOMC,2022-11-02,0.4615384615384616,75,75,Cumulative rate-change index,0.6781000988470983
FOMC statements,FOMC,2022-12-14,0.4615384615384616,50,125,Dictionary net score,2.1886668536021396
FOMC statements,FOMC,2022-12-14,0.4615384615384616,50,125,Cumulative rate-change index,0.9092271747921656
FOMC statements,FOMC,2023-02-01,0.3333333333333333,25,150,Dictionary net score,1.6377475286014647
FOMC statements,FOMC,2023-02-01,0.3333333333333333,25,150,Cumulative rate-change index,1.0247907127646994
FOMC statements,FOMC,2023-03-22,0.38461538461538464,25,175,Dictionary net score,1.8581152586017347
FOMC statements,FOMC,2023-03-22,0.38461538461538464,25,175,Cumulative rate-change index,1.1403542507372328
FOMC statements,FOMC,2023-05-03,0.4166666666666667,25,200,Dictionary net score,1.9958450898519033
FOMC statements,FOMC,2023-05-03,0.4166666666666667,25,200,Cumulative rate-change index,1.2559177887097666
FOMC statements,FOMC,2023-06-14,0.3636363636363637,0,200,Dictionary net score,1.7679648236016245
FOMC statements,FOMC,2023-06-14,0.3636363636363637,0,200,Cumulative rate-change index,1.2559177887097666
FOMC statements,FOMC,2023-07-26,0.391304347826087,25,225,Dictionary net score,1.8868588755582916
FOMC statements,FOMC,2023-07-26,0.391304347826087,25,225,Cumulative rate-change index,1.3714813266823003
FOMC statements,FOMC,2023-09-20,0.3636363636363637,0,225,Dictionary net score,1.7679648236016245
FOMC statements,FOMC,2023-09-20,0.3636363636363637,0,225,Cumulative rate-change index,1.3714813266823003
FOMC statements,FOMC,2023-11-01,0.42857142857142855,0,225,Dictionary net score,2.047001884316251
FOMC statements,FOMC,2023-11-01,0.42857142857142855,0,225,Cumulative rate-change index,1.3714813266823003
FOMC statements,FOMC,2023-12-13,0.3333333333333333,0,225,Dictionary net score,1.6377475286014647
FOMC statements,FOMC,2023-12-13,0.3333333333333333,0,225,Cumulative rate-change index,1.3714813266823003
FOMC statements,FOMC,2024-01-31,0.05263157894736842,0,225,Dictionary net score,0.43152416438946145
FOMC statements,FOMC,2024-01-31,0.05263157894736842,0,225,Cumulative rate-change index,1.3714813266823003
FOMC statements,FOMC,2024-03-20,0.05263157894736842,0,225,Dictionary net score,0.43152416438946145
FOMC statements,FOMC,2024-03-20,0.05263157894736842,0,225,Cumulative rate-change index,1.3714813266823003
FOMC statements,FOMC,2024-05-01,0.1,0,225,Dictionary net score,0.6350743571002371
FOMC statements,FOMC,2024-05-01,0.1,0,225,Cumulative rate-change index,1.3714813266823003
FOMC statements,FOMC,2024-06-12,0.1,0,225,Dictionary net score,0.6350743571002371
FOMC statements,FOMC,2024-06-12,0.1,0,225,Cumulative rate-change index,1.3714813266823003
FOMC statements,FOMC,2024-07-31,0.1,0,225,Dictionary net score,0.6350743571002371
FOMC statements,FOMC,2024-07-31,0.1,0,225,Cumulative rate-change index,1.3714813266823003
FOMC statements,FOMC,2024-09-18,0,-50,175,Dictionary net score,0.2053572835997109
FOMC statements,FOMC,2024-09-18,0,-50,175,Cumulative rate-change index,1.1403542507372328
FOMC statements,FOMC,2024-11-07,0.0588235294117647,-25,150,Dictionary net score,0.4581320327176674
FOMC statements,FOMC,2024-11-07,0.0588235294117647,-25,150,Cumulative rate-change index,1.0247907127646994
FOMC statements,FOMC,2024-12-18,0.0588235294117647,-25,125,Dictionary net score,0.4581320327176674
FOMC statements,FOMC,2024-12-18,0.0588235294117647,-25,125,Cumulative rate-change index,0.9092271747921656
FOMC statements,FOMC,2025-01-29,0.2857142857142857,0,125,Dictionary net score,1.433120350744071
FOMC statements,FOMC,2025-01-29,0.2857142857142857,0,125,Cumulative rate-change index,0.9092271747921656
FOMC statements,FOMC,2025-03-19,0.2857142857142857,0,125,Dictionary net score,1.433120350744071
FOMC statements,FOMC,2025-03-19,0.2857142857142857,0,125,Cumulative rate-change index,0.9092271747921656
FOMC statements,FOMC,2025-05-07,0.25,0,125,Dictionary net score,1.279649967351026
FOMC statements,FOMC,2025-05-07,0.25,0,125,Cumulative rate-change index,0.9092271747921656
FOMC statements,FOMC,2025-06-18,0.2857142857142857,0,125,Dictionary net score,1.433120350744071
FOMC statements,FOMC,2025-06-18,0.2857142857142857,0,125,Cumulative rate-change index,0.9092271747921656
FOMC statements,FOMC,2025-07-30,0.07692307692307693,0,125,Dictionary net score,0.5359088786001156
FOMC statements,FOMC,2025-07-30,0.07692307692307693,0,125,Cumulative rate-change index,0.9092271747921656
FOMC statements,FOMC,2025-09-17,-0.1111111111111111,-25,100,Dictionary net score,-0.27210613140087364
FOMC statements,FOMC,2025-09-17,-0.1111111111111111,-25,100,Cumulative rate-change index,0.793663636819632
FOMC statements,FOMC,2025-10-29,-0.0588235294117647,-25,75,Dictionary net score,-0.04741746551824561
FOMC statements,FOMC,2025-10-29,-0.0588235294117647,-25,75,Cumulative rate-change index,0.6781000988470983
FOMC statements,FOMC,2025-12-10,-0.0588235294117647,-25,50,Dictionary net score,-0.04741746551824561
FOMC statements,FOMC,2025-12-10,-0.0588235294117647,-25,50,Cumulative rate-change index,0.5625365608745646
FOMC statements,FOMC,2026-01-28,0.25,0,50,Dictionary net score,1.279649967351026
FOMC statements,FOMC,2026-01-28,0.25,0,50,Cumulative rate-change index,0.5625365608745646
FOMC statements,FOMC,2026-03-18,0.25,0,50,Dictionary net score,1.279649967351026
FOMC statements,FOMC,2026-03-18,0.25,0,50,Cumulative rate-change index,0.5625365608745646
ECB statements,ECB,1999-01-07,0,0,0,Dictionary net score,0.4724904375147375
ECB statements,ECB,1999-01-07,0,0,0,Cumulative rate-change index,0.6090482312113886
ECB statements,ECB,1999-02-04,0,0,0,Dictionary net score,0.4724904375147375
ECB statements,ECB,1999-02-04,0,0,0,Cumulative rate-change index,0.6090482312113886
ECB statements,ECB,1999-03-04,0,0,0,Dictionary net score,0.4724904375147375
ECB statements,ECB,1999-03-04,0,0,0,Cumulative rate-change index,0.6090482312113886
ECB statements,ECB,1999-04-08,0,-50,-50,Dictionary net score,0.4724904375147375
ECB statements,ECB,1999-04-08,0,-50,-50,Cumulative rate-change index,0.2724658267279592
ECB statements,ECB,1999-05-06,0,0,-50,Dictionary net score,0.4724904375147375
ECB statements,ECB,1999-05-06,0,0,-50,Cumulative rate-change index,0.2724658267279592
ECB statements,ECB,1999-06-17,0,0,-50,Dictionary net score,0.4724904375147375
ECB statements,ECB,1999-06-17,0,0,-50,Cumulative rate-change index,0.2724658267279592
ECB statements,ECB,1999-07-08,0,0,-50,Dictionary net score,0.4724904375147375
ECB statements,ECB,1999-07-08,0,0,-50,Cumulative rate-change index,0.2724658267279592
ECB statements,ECB,1999-08-05,0,0,-50,Dictionary net score,0.4724904375147375
ECB statements,ECB,1999-08-05,0,0,-50,Cumulative rate-change index,0.2724658267279592
ECB statements,ECB,1999-09-09,0,0,-50,Dictionary net score,0.4724904375147375
ECB statements,ECB,1999-09-09,0,0,-50,Cumulative rate-change index,0.2724658267279592
ECB statements,ECB,1999-10-07,0,0,-50,Dictionary net score,0.4724904375147375
ECB statements,ECB,1999-10-07,0,0,-50,Cumulative rate-change index,0.2724658267279592
ECB statements,ECB,1999-11-04,0,50,0,Dictionary net score,0.4724904375147375
ECB statements,ECB,1999-11-04,0,50,0,Cumulative rate-change index,0.6090482312113886
ECB statements,ECB,1999-12-02,0,0,0,Dictionary net score,0.4724904375147375
ECB statements,ECB,1999-12-02,0,0,0,Cumulative rate-change index,0.6090482312113886
ECB statements,ECB,2000-01-20,0,0,0,Dictionary net score,0.4724904375147375
ECB statements,ECB,2000-01-20,0,0,0,Cumulative rate-change index,0.6090482312113886
ECB statements,ECB,2000-02-03,0,25,25,Dictionary net score,0.4724904375147375
ECB statements,ECB,2000-02-03,0,25,25,Cumulative rate-change index,0.7773394334531033
ECB statements,ECB,2000-03-16,0.42857142857142855,25,50,Dictionary net score,2.590201325536216
ECB statements,ECB,2000-03-16,0.42857142857142855,25,50,Cumulative rate-change index,0.945630635694818
ECB statements,ECB,2000-04-13,0,0,50,Dictionary net score,0.4724904375147375
ECB statements,ECB,2000-04-13,0,0,50,Cumulative rate-change index,0.945630635694818
ECB statements,ECB,2000-05-11,0,0,50,Dictionary net score,0.4724904375147375
ECB statements,ECB,2000-05-11,0,0,50,Cumulative rate-change index,0.945630635694818
ECB statements,ECB,2000-06-08,0,50,100,Dictionary net score,0.4724904375147375
ECB statements,ECB,2000-06-08,0,50,100,Cumulative rate-change index,1.2822130401782474
ECB statements,ECB,2000-07-06,0,0,100,Dictionary net score,0.4724904375147375
ECB statements,ECB,2000-07-06,0,0,100,Cumulative rate-change index,1.2822130401782474
ECB statements,ECB,2000-08-31,0.2,25,125,Dictionary net score,1.4607555185914276
ECB statements,ECB,2000-08-31,0.2,25,125,Cumulative rate-change index,1.4505042424199621
ECB statements,ECB,2000-09-05,0,0,125,Dictionary net score,0.4724904375147375
ECB statements,ECB,2000-09-05,0,0,125,Cumulative rate-change index,1.4505042424199621
ECB statements,ECB,2000-10-05,0,25,150,Dictionary net score,0.4724904375147375
ECB statements,ECB,2000-10-05,0,25,150,Cumulative rate-change index,1.6187954446616768
ECB statements,ECB,2000-11-09,0,0,150,Dictionary net score,0.4724904375147375
ECB statements,ECB,2000-11-09,0,0,150,Cumulative rate-change index,1.6187954446616768
ECB statements,ECB,2000-12-14,0,0,150,Dictionary net score,0.4724904375147375
ECB statements,ECB,2000-12-14,0,0,150,Cumulative rate-change index,1.6187954446616768
ECB statements,ECB,2001-01-11,0,0,150,Dictionary net score,0.4724904375147375
ECB statements,ECB,2001-01-11,0,0,150,Cumulative rate-change index,1.6187954446616768
ECB statements,ECB,2001-02-01,0,0,150,Dictionary net score,0.4724904375147375
ECB statements,ECB,2001-02-01,0,0,150,Cumulative rate-change index,1.6187954446616768
ECB statements,ECB,2001-03-15,0,0,150,Dictionary net score,0.4724904375147375
ECB statements,ECB,2001-03-15,0,0,150,Cumulative rate-change index,1.6187954446616768
ECB statements,ECB,2001-04-12,0,0,150,Dictionary net score,0.4724904375147375
ECB statements,ECB,2001-04-12,0,0,150,Cumulative rate-change index,1.6187954446616768
ECB statements,ECB,2001-05-10,0,-25,125,Dictionary net score,0.4724904375147375
ECB statements,ECB,2001-05-10,0,-25,125,Cumulative rate-change index,1.4505042424199621
ECB statements,ECB,2001-06-07,0,0,125,Dictionary net score,0.4724904375147375
ECB statements,ECB,2001-06-07,0,0,125,Cumulative rate-change index,1.4505042424199621
ECB statements,ECB,2001-07-05,0,0,125,Dictionary net score,0.4724904375147375
ECB statements,ECB,2001-07-05,0,0,125,Cumulative rate-change index,1.4505042424199621
ECB statements,ECB,2001-08-30,0,-25,100,Dictionary net score,0.4724904375147375
ECB statements,ECB,2001-08-30,0,-25,100,Cumulative rate-change index,1.2822130401782474
ECB statements,ECB,2001-09-13,0,0,100,Dictionary net score,0.4724904375147375
ECB statements,ECB,2001-09-13,0,0,100,Cumulative rate-change index,1.2822130401782474
ECB statements,ECB,2001-09-17,0,0,100,Dictionary net score,0.4724904375147375
ECB statements,ECB,2001-09-17,0,0,100,Cumulative rate-change index,1.2822130401782474
ECB statements,ECB,2001-10-08,0,0,100,Dictionary net score,0.4724904375147375
ECB statements,ECB,2001-10-08,0,0,100,Cumulative rate-change index,1.2822130401782474
ECB statements,ECB,2001-11-08,0,-50,50,Dictionary net score,0.4724904375147375
ECB statements,ECB,2001-11-08,0,-50,50,Cumulative rate-change index,0.945630635694818
ECB statements,ECB,2001-12-06,0,0,50,Dictionary net score,0.4724904375147375
ECB statements,ECB,2001-12-06,0,0,50,Cumulative rate-change index,0.945630635694818
ECB statements,ECB,2002-01-10,0,0,50,Dictionary net score,0.4724904375147375
ECB statements,ECB,2002-01-10,0,0,50,Cumulative rate-change index,0.945630635694818
ECB statements,ECB,2002-02-07,0,0,50,Dictionary net score,0.4724904375147375
ECB statements,ECB,2002-02-07,0,0,50,Cumulative rate-change index,0.945630635694818
ECB statements,ECB,2002-03-07,0,0,50,Dictionary net score,0.4724904375147375
ECB statements,ECB,2002-03-07,0,0,50,Cumulative rate-change index,0.945630635694818
ECB statements,ECB,2002-04-04,0,0,50,Dictionary net score,0.4724904375147375
ECB statements,ECB,2002-04-04,0,0,50,Cumulative rate-change index,0.945630635694818
ECB statements,ECB,2002-05-02,0,0,50,Dictionary net score,0.4724904375147375
ECB statements,ECB,2002-05-02,0,0,50,Cumulative rate-change index,0.945630635694818
ECB statements,ECB,2002-06-06,0,0,50,Dictionary net score,0.4724904375147375
ECB statements,ECB,2002-06-06,0,0,50,Cumulative rate-change index,0.945630635694818
ECB statements,ECB,2002-07-04,0,0,50,Dictionary net score,0.4724904375147375
ECB statements,ECB,2002-07-04,0,0,50,Cumulative rate-change index,0.945630635694818
ECB statements,ECB,2002-08-01,0,0,50,Dictionary net score,0.4724904375147375
ECB statements,ECB,2002-08-01,0,0,50,Cumulative rate-change index,0.945630635694818
ECB statements,ECB,2002-09-12,0,0,50,Dictionary net score,0.4724904375147375
ECB statements,ECB,2002-09-12,0,0,50,Cumulative rate-change index,0.945630635694818
ECB statements,ECB,2002-10-10,0,0,50,Dictionary net score,0.4724904375147375
ECB statements,ECB,2002-10-10,0,0,50,Cumulative rate-change index,0.945630635694818
ECB statements,ECB,2002-11-07,0,0,50,Dictionary net score,0.4724904375147375
ECB statements,ECB,2002-11-07,0,0,50,Cumulative rate-change index,0.945630635694818
ECB statements,ECB,2002-12-05,0,-50,0,Dictionary net score,0.4724904375147375
ECB statements,ECB,2002-12-05,0,-50,0,Cumulative rate-change index,0.6090482312113886
ECB statements,ECB,2003-01-23,0,0,0,Dictionary net score,0.4724904375147375
ECB statements,ECB,2003-01-23,0,0,0,Cumulative rate-change index,0.6090482312113886
ECB statements,ECB,2003-02-06,0,0,0,Dictionary net score,0.4724904375147375
ECB statements,ECB,2003-02-06,0,0,0,Cumulative rate-change index,0.6090482312113886
ECB statements,ECB,2003-03-06,0,-25,-25,Dictionary net score,0.4724904375147375
ECB statements,ECB,2003-03-06,0,-25,-25,Cumulative rate-change index,0.44075702896967395
ECB statements,ECB,2003-04-03,0,0,-25,Dictionary net score,0.4724904375147375
ECB statements,ECB,2003-04-03,0,0,-25,Cumulative rate-change index,0.44075702896967395
ECB statements,ECB,2003-05-08,0,0,-25,Dictionary net score,0.4724904375147375
ECB statements,ECB,2003-05-08,0,0,-25,Cumulative rate-change index,0.44075702896967395
ECB statements,ECB,2003-06-05,0,-50,-75,Dictionary net score,0.4724904375147375
ECB statements,ECB,2003-06-05,0,-50,-75,Cumulative rate-change index,0.10417462448624455
ECB statements,ECB,2003-07-10,0,0,-75,Dictionary net score,0.4724904375147375
ECB statements,ECB,2003-07-10,0,0,-75,Cumulative rate-change index,0.10417462448624455
ECB statements,ECB,2003-09-04,0,0,-75,Dictionary net score,0.4724904375147375
ECB statements,ECB,2003-09-04,0,0,-75,Cumulative rate-change index,0.10417462448624455
ECB statements,ECB,2003-10-02,0,0,-75,Dictionary net score,0.4724904375147375
ECB statements,ECB,2003-10-02,0,0,-75,Cumulative rate-change index,0.10417462448624455
ECB statements,ECB,2003-11-06,0,0,-75,Dictionary net score,0.4724904375147375
ECB statements,ECB,2003-11-06,0,0,-75,Cumulative rate-change index,0.10417462448624455
ECB statements,ECB,2003-12-04,0,0,-75,Dictionary net score,0.4724904375147375
ECB statements,ECB,2003-12-04,0,0,-75,Cumulative rate-change index,0.10417462448624455
ECB statements,ECB,2004-01-08,0,0,-75,Dictionary net score,0.4724904375147375
ECB statements,ECB,2004-01-08,0,0,-75,Cumulative rate-change index,0.10417462448624455
ECB statements,ECB,2004-02-05,0,0,-75,Dictionary net score,0.4724904375147375
ECB statements,ECB,2004-02-05,0,0,-75,Cumulative rate-change index,0.10417462448624455
ECB statements,ECB,2004-03-04,0,0,-75,Dictionary net score,0.4724904375147375
ECB statements,ECB,2004-03-04,0,0,-75,Cumulative rate-change index,0.10417462448624455
ECB statements,ECB,2004-04-01,0,0,-75,Dictionary net score,0.4724904375147375
ECB statements,ECB,2004-04-01,0,0,-75,Cumulative rate-change index,0.10417462448624455
ECB statements,ECB,2004-05-06,0,0,-75,Dictionary net score,0.4724904375147375
ECB statements,ECB,2004-05-06,0,0,-75,Cumulative rate-change index,0.10417462448624455
ECB statements,ECB,2004-06-03,0,0,-75,Dictionary net score,0.4724904375147375
ECB statements,ECB,2004-06-03,0,0,-75,Cumulative rate-change index,0.10417462448624455
ECB statements,ECB,2004-07-01,0,0,-75,Dictionary net score,0.4724904375147375
ECB statements,ECB,2004-07-01,0,0,-75,Cumulative rate-change index,0.10417462448624455
ECB statements,ECB,2004-08-05,0,0,-75,Dictionary net score,0.4724904375147375
ECB statements,ECB,2004-08-05,0,0,-75,Cumulative rate-change index,0.10417462448624455
ECB statements,ECB,2004-09-02,0,0,-75,Dictionary net score,0.4724904375147375
ECB statements,ECB,2004-09-02,0,0,-75,Cumulative rate-change index,0.10417462448624455
ECB statements,ECB,2004-10-07,0,0,-75,Dictionary net score,0.4724904375147375
ECB statements,ECB,2004-10-07,0,0,-75,Cumulative rate-change index,0.10417462448624455
ECB statements,ECB,2004-11-04,0,0,-75,Dictionary net score,0.4724904375147375
ECB statements,ECB,2004-11-04,0,0,-75,Cumulative rate-change index,0.10417462448624455
ECB statements,ECB,2004-12-02,0,0,-75,Dictionary net score,0.4724904375147375
ECB statements,ECB,2004-12-02,0,0,-75,Cumulative rate-change index,0.10417462448624455
ECB statements,ECB,2005-01-13,0,0,-75,Dictionary net score,0.4724904375147375
ECB statements,ECB,2005-01-13,0,0,-75,Cumulative rate-change index,0.10417462448624455
ECB statements,ECB,2005-02-03,0,0,-75,Dictionary net score,0.4724904375147375
ECB statements,ECB,2005-02-03,0,0,-75,Cumulative rate-change index,0.10417462448624455
ECB statements,ECB,2005-03-03,0,0,-75,Dictionary net score,0.4724904375147375
ECB statements,ECB,2005-03-03,0,0,-75,Cumulative rate-change index,0.10417462448624455
ECB statements,ECB,2005-04-07,0,0,-75,Dictionary net score,0.4724904375147375
ECB statements,ECB,2005-04-07,0,0,-75,Cumulative rate-change index,0.10417462448624455
ECB statements,ECB,2005-05-04,0,0,-75,Dictionary net score,0.4724904375147375
ECB statements,ECB,2005-05-04,0,0,-75,Cumulative rate-change index,0.10417462448624455
ECB statements,ECB,2005-06-02,0,0,-75,Dictionary net score,0.4724904375147375
ECB statements,ECB,2005-06-02,0,0,-75,Cumulative rate-change index,0.10417462448624455
ECB statements,ECB,2005-07-07,0,0,-75,Dictionary net score,0.4724904375147375
ECB statements,ECB,2005-07-07,0,0,-75,Cumulative rate-change index,0.10417462448624455
ECB statements,ECB,2005-08-04,0,0,-75,Dictionary net score,0.4724904375147375
ECB statements,ECB,2005-08-04,0,0,-75,Cumulative rate-change index,0.10417462448624455
ECB statements,ECB,2005-09-01,0,0,-75,Dictionary net score,0.4724904375147375
ECB statements,ECB,2005-09-01,0,0,-75,Cumulative rate-change index,0.10417462448624455
ECB statements,ECB,2005-10-06,0,0,-75,Dictionary net score,0.4724904375147375
ECB statements,ECB,2005-10-06,0,0,-75,Cumulative rate-change index,0.10417462448624455
ECB statements,ECB,2005-11-03,0,0,-75,Dictionary net score,0.4724904375147375
ECB statements,ECB,2005-11-03,0,0,-75,Cumulative rate-change index,0.10417462448624455
ECB statements,ECB,2005-12-01,0,25,-50,Dictionary net score,0.4724904375147375
ECB statements,ECB,2005-12-01,0,25,-50,Cumulative rate-change index,0.2724658267279592
ECB statements,ECB,2006-01-12,0,0,-50,Dictionary net score,0.4724904375147375
ECB statements,ECB,2006-01-12,0,0,-50,Cumulative rate-change index,0.2724658267279592
ECB statements,ECB,2006-02-02,0,0,-50,Dictionary net score,0.4724904375147375
ECB statements,ECB,2006-02-02,0,0,-50,Cumulative rate-change index,0.2724658267279592
ECB statements,ECB,2006-03-02,0,25,-25,Dictionary net score,0.4724904375147375
ECB statements,ECB,2006-03-02,0,25,-25,Cumulative rate-change index,0.44075702896967395
ECB statements,ECB,2006-04-06,0,0,-25,Dictionary net score,0.4724904375147375
ECB statements,ECB,2006-04-06,0,0,-25,Cumulative rate-change index,0.44075702896967395
ECB statements,ECB,2006-05-04,0,0,-25,Dictionary net score,0.4724904375147375
ECB statements,ECB,2006-05-04,0,0,-25,Cumulative rate-change index,0.44075702896967395
ECB statements,ECB,2006-06-08,0,25,0,Dictionary net score,0.4724904375147375
ECB statements,ECB,2006-06-08,0,25,0,Cumulative rate-change index,0.6090482312113886
ECB statements,ECB,2006-07-06,0,0,0,Dictionary net score,0.4724904375147375
ECB statements,ECB,2006-07-06,0,0,0,Cumulative rate-change index,0.6090482312113886
ECB statements,ECB,2006-08-03,0,25,25,Dictionary net score,0.4724904375147375
ECB statements,ECB,2006-08-03,0,25,25,Cumulative rate-change index,0.7773394334531033
ECB statements,ECB,2006-09-07,0,0,25,Dictionary net score,0.4724904375147375
ECB statements,ECB,2006-09-07,0,0,25,Cumulative rate-change index,0.7773394334531033
ECB statements,ECB,2006-10-05,0,25,50,Dictionary net score,0.4724904375147375
ECB statements,ECB,2006-10-05,0,25,50,Cumulative rate-change index,0.945630635694818
ECB statements,ECB,2006-11-02,0,0,50,Dictionary net score,0.4724904375147375
ECB statements,ECB,2006-11-02,0,0,50,Cumulative rate-change index,0.945630635694818
ECB statements,ECB,2006-12-07,0,25,75,Dictionary net score,0.4724904375147375
ECB statements,ECB,2006-12-07,0,25,75,Cumulative rate-change index,1.1139218379365325
ECB statements,ECB,2007-01-11,0,0,75,Dictionary net score,0.4724904375147375
ECB statements,ECB,2007-01-11,0,0,75,Cumulative rate-change index,1.1139218379365325
ECB statements,ECB,2007-02-08,0,0,75,Dictionary net score,0.4724904375147375
ECB statements,ECB,2007-02-08,0,0,75,Cumulative rate-change index,1.1139218379365325
ECB statements,ECB,2007-03-08,0,25,100,Dictionary net score,0.4724904375147375
ECB statements,ECB,2007-03-08,0,25,100,Cumulative rate-change index,1.2822130401782474
ECB statements,ECB,2007-04-12,0,0,100,Dictionary net score,0.4724904375147375
ECB statements,ECB,2007-04-12,0,0,100,Cumulative rate-change index,1.2822130401782474
ECB statements,ECB,2007-05-10,0,0,100,Dictionary net score,0.4724904375147375
ECB statements,ECB,2007-05-10,0,0,100,Cumulative rate-change index,1.2822130401782474
ECB statements,ECB,2007-06-06,0,25,125,Dictionary net score,0.4724904375147375
ECB statements,ECB,2007-06-06,0,25,125,Cumulative rate-change index,1.4505042424199621
ECB statements,ECB,2007-07-05,0,0,125,Dictionary net score,0.4724904375147375
ECB statements,ECB,2007-07-05,0,0,125,Cumulative rate-change index,1.4505042424199621
ECB statements,ECB,2007-08-02,0,0,125,Dictionary net score,0.4724904375147375
ECB statements,ECB,2007-08-02,0,0,125,Cumulative rate-change index,1.4505042424199621
ECB statements,ECB,2007-09-06,0,0,125,Dictionary net score,0.4724904375147375
ECB statements,ECB,2007-09-06,0,0,125,Cumulative rate-change index,1.4505042424199621
ECB statements,ECB,2007-10-04,0,0,125,Dictionary net score,0.4724904375147375
ECB statements,ECB,2007-10-04,0,0,125,Cumulative rate-change index,1.4505042424199621
ECB statements,ECB,2007-11-08,0,0,125,Dictionary net score,0.4724904375147375
ECB statements,ECB,2007-11-08,0,0,125,Cumulative rate-change index,1.4505042424199621
ECB statements,ECB,2007-12-06,0,0,125,Dictionary net score,0.4724904375147375
ECB statements,ECB,2007-12-06,0,0,125,Cumulative rate-change index,1.4505042424199621
ECB statements,ECB,2008-01-10,0,0,125,Dictionary net score,0.4724904375147375
ECB statements,ECB,2008-01-10,0,0,125,Cumulative rate-change index,1.4505042424199621
ECB statements,ECB,2008-02-07,0,0,125,Dictionary net score,0.4724904375147375
ECB statements,ECB,2008-02-07,0,0,125,Cumulative rate-change index,1.4505042424199621
ECB statements,ECB,2008-03-06,0,0,125,Dictionary net score,0.4724904375147375
ECB statements,ECB,2008-03-06,0,0,125,Cumulative rate-change index,1.4505042424199621
ECB statements,ECB,2008-04-10,0,0,125,Dictionary net score,0.4724904375147375
ECB statements,ECB,2008-04-10,0,0,125,Cumulative rate-change index,1.4505042424199621
ECB statements,ECB,2008-05-08,0,0,125,Dictionary net score,0.4724904375147375
ECB statements,ECB,2008-05-08,0,0,125,Cumulative rate-change index,1.4505042424199621
ECB statements,ECB,2008-06-05,0,0,125,Dictionary net score,0.4724904375147375
ECB statements,ECB,2008-06-05,0,0,125,Cumulative rate-change index,1.4505042424199621
ECB statements,ECB,2008-07-03,0,25,150,Dictionary net score,0.4724904375147375
ECB statements,ECB,2008-07-03,0,25,150,Cumulative rate-change index,1.6187954446616768
ECB statements,ECB,2008-08-07,0,0,150,Dictionary net score,0.4724904375147375
ECB statements,ECB,2008-08-07,0,0,150,Cumulative rate-change index,1.6187954446616768
ECB statements,ECB,2008-09-04,0,0,150,Dictionary net score,0.4724904375147375
ECB statements,ECB,2008-09-04,0,0,150,Cumulative rate-change index,1.6187954446616768
ECB statements,ECB,2008-10-02,0,0,150,Dictionary net score,0.4724904375147375
ECB statements,ECB,2008-10-02,0,0,150,Cumulative rate-change index,1.6187954446616768
ECB statements,ECB,2008-10-08,0.1111111111111111,-50,100,Dictionary net score,1.021526593668454
ECB statements,ECB,2008-10-08,0.1111111111111111,-50,100,Cumulative rate-change index,1.2822130401782474
ECB statements,ECB,2008-10-15,-0.16666666666666666,0,100,Dictionary net score,-0.3510637967158376
ECB statements,ECB,2008-10-15,-0.16666666666666666,0,100,Cumulative rate-change index,1.2822130401782474
ECB statements,ECB,2008-11-06,0,-50,50,Dictionary net score,0.4724904375147375
ECB statements,ECB,2008-11-06,0,-50,50,Cumulative rate-change index,0.945630635694818
ECB statements,ECB,2008-12-04,0,-75,-25,Dictionary net score,0.4724904375147375
ECB statements,ECB,2008-12-04,0,-75,-25,Cumulative rate-change index,0.44075702896967395
ECB statements,ECB,2009-01-15,0,-50,-75,Dictionary net score,0.4724904375147375
ECB statements,ECB,2009-01-15,0,-50,-75,Cumulative rate-change index,0.10417462448624455
ECB statements,ECB,2009-02-05,0,0,-75,Dictionary net score,0.4724904375147375
ECB statements,ECB,2009-02-05,0,0,-75,Cumulative rate-change index,0.10417462448624455
ECB statements,ECB,2009-03-05,0,-50,-125,Dictionary net score,0.4724904375147375
ECB statements,ECB,2009-03-05,0,-50,-125,Cumulative rate-change index,-0.23240777999718482
ECB statements,ECB,2009-04-02,0,-25,-150,Dictionary net score,0.4724904375147375
ECB statements,ECB,2009-04-02,0,-25,-150,Cumulative rate-change index,-0.4006989822388995
ECB statements,ECB,2009-05-07,0,-25,-175,Dictionary net score,0.4724904375147375
ECB statements,ECB,2009-05-07,0,-25,-175,Cumulative rate-change index,-0.5689901844806142
ECB statements,ECB,2009-06-04,0,0,-175,Dictionary net score,0.4724904375147375
ECB statements,ECB,2009-06-04,0,0,-175,Cumulative rate-change index,-0.5689901844806142
ECB statements,ECB,2009-07-02,0,0,-175,Dictionary net score,0.4724904375147375
ECB statements,ECB,2009-07-02,0,0,-175,Cumulative rate-change index,-0.5689901844806142
ECB statements,ECB,2009-08-06,0,0,-175,Dictionary net score,0.4724904375147375
ECB statements,ECB,2009-08-06,0,0,-175,Cumulative rate-change index,-0.5689901844806142
ECB statements,ECB,2009-09-03,0,0,-175,Dictionary net score,0.4724904375147375
ECB statements,ECB,2009-09-03,0,0,-175,Cumulative rate-change index,-0.5689901844806142
ECB statements,ECB,2009-10-08,0,0,-175,Dictionary net score,0.4724904375147375
ECB statements,ECB,2009-10-08,0,0,-175,Cumulative rate-change index,-0.5689901844806142
ECB statements,ECB,2009-11-05,0,0,-175,Dictionary net score,0.4724904375147375
ECB statements,ECB,2009-11-05,0,0,-175,Cumulative rate-change index,-0.5689901844806142
ECB statements,ECB,2009-12-03,0,0,-175,Dictionary net score,0.4724904375147375
ECB statements,ECB,2009-12-03,0,0,-175,Cumulative rate-change index,-0.5689901844806142
ECB statements,ECB,2010-01-14,0,0,-175,Dictionary net score,0.4724904375147375
ECB statements,ECB,2010-01-14,0,0,-175,Cumulative rate-change index,-0.5689901844806142
ECB statements,ECB,2010-02-04,0,0,-175,Dictionary net score,0.4724904375147375
ECB statements,ECB,2010-02-04,0,0,-175,Cumulative rate-change index,-0.5689901844806142
ECB statements,ECB,2010-03-04,0,0,-175,Dictionary net score,0.4724904375147375
ECB statements,ECB,2010-03-04,0,0,-175,Cumulative rate-change index,-0.5689901844806142
ECB statements,ECB,2010-04-08,0,0,-175,Dictionary net score,0.4724904375147375
ECB statements,ECB,2010-04-08,0,0,-175,Cumulative rate-change index,-0.5689901844806142
ECB statements,ECB,2010-05-06,0,0,-175,Dictionary net score,0.4724904375147375
ECB statements,ECB,2010-05-06,0,0,-175,Cumulative rate-change index,-0.5689901844806142
ECB statements,ECB,2010-06-10,0,0,-175,Dictionary net score,0.4724904375147375
ECB statements,ECB,2010-06-10,0,0,-175,Cumulative rate-change index,-0.5689901844806142
ECB statements,ECB,2010-07-08,0,0,-175,Dictionary net score,0.4724904375147375
ECB statements,ECB,2010-07-08,0,0,-175,Cumulative rate-change index,-0.5689901844806142
ECB statements,ECB,2010-08-05,0,0,-175,Dictionary net score,0.4724904375147375
ECB statements,ECB,2010-08-05,0,0,-175,Cumulative rate-change index,-0.5689901844806142
ECB statements,ECB,2010-09-02,0,0,-175,Dictionary net score,0.4724904375147375
ECB statements,ECB,2010-09-02,0,0,-175,Cumulative rate-change index,-0.5689901844806142
ECB statements,ECB,2010-10-07,0,0,-175,Dictionary net score,0.4724904375147375
ECB statements,ECB,2010-10-07,0,0,-175,Cumulative rate-change index,-0.5689901844806142
ECB statements,ECB,2010-11-04,0,0,-175,Dictionary net score,0.4724904375147375
ECB statements,ECB,2010-11-04,0,0,-175,Cumulative rate-change index,-0.5689901844806142
ECB statements,ECB,2010-12-02,0,0,-175,Dictionary net score,0.4724904375147375
ECB statements,ECB,2010-12-02,0,0,-175,Cumulative rate-change index,-0.5689901844806142
ECB statements,ECB,2011-01-13,0,0,-175,Dictionary net score,0.4724904375147375
ECB statements,ECB,2011-01-13,0,0,-175,Cumulative rate-change index,-0.5689901844806142
ECB statements,ECB,2011-02-03,0,0,-175,Dictionary net score,0.4724904375147375
ECB statements,ECB,2011-02-03,0,0,-175,Cumulative rate-change index,-0.5689901844806142
ECB statements,ECB,2011-03-03,0,0,-175,Dictionary net score,0.4724904375147375
ECB statements,ECB,2011-03-03,0,0,-175,Cumulative rate-change index,-0.5689901844806142
ECB statements,ECB,2011-04-07,0,25,-150,Dictionary net score,0.4724904375147375
ECB statements,ECB,2011-04-07,0,25,-150,Cumulative rate-change index,-0.4006989822388995
ECB statements,ECB,2011-05-05,0,0,-150,Dictionary net score,0.4724904375147375
ECB statements,ECB,2011-05-05,0,0,-150,Cumulative rate-change index,-0.4006989822388995
ECB statements,ECB,2011-06-09,0,0,-150,Dictionary net score,0.4724904375147375
ECB statements,ECB,2011-06-09,0,0,-150,Cumulative rate-change index,-0.4006989822388995
ECB statements,ECB,2011-07-07,0,25,-125,Dictionary net score,0.4724904375147375
ECB statements,ECB,2011-07-07,0,25,-125,Cumulative rate-change index,-0.23240777999718482
ECB statements,ECB,2011-08-04,0,0,-125,Dictionary net score,0.4724904375147375
ECB statements,ECB,2011-08-04,0,0,-125,Cumulative rate-change index,-0.23240777999718482
ECB statements,ECB,2011-09-08,0,0,-125,Dictionary net score,0.4724904375147375
ECB statements,ECB,2011-09-08,0,0,-125,Cumulative rate-change index,-0.23240777999718482
ECB statements,ECB,2011-10-06,0,0,-125,Dictionary net score,0.4724904375147375
ECB statements,ECB,2011-10-06,0,0,-125,Cumulative rate-change index,-0.23240777999718482
ECB statements,ECB,2011-11-03,0,-25,-150,Dictionary net score,0.4724904375147375
ECB statements,ECB,2011-11-03,0,-25,-150,Cumulative rate-change index,-0.4006989822388995
ECB statements,ECB,2011-12-08,0,-25,-175,Dictionary net score,0.4724904375147375
ECB statements,ECB,2011-12-08,0,-25,-175,Cumulative rate-change index,-0.5689901844806142
ECB statements,ECB,2012-01-12,0,0,-175,Dictionary net score,0.4724904375147375
ECB statements,ECB,2012-01-12,0,0,-175,Cumulative rate-change index,-0.5689901844806142
ECB statements,ECB,2012-02-09,0,0,-175,Dictionary net score,0.4724904375147375
ECB statements,ECB,2012-02-09,0,0,-175,Cumulative rate-change index,-0.5689901844806142
ECB statements,ECB,2012-03-08,0,0,-175,Dictionary net score,0.4724904375147375
ECB statements,ECB,2012-03-08,0,0,-175,Cumulative rate-change index,-0.5689901844806142
ECB statements,ECB,2012-04-04,0,0,-175,Dictionary net score,0.4724904375147375
ECB statements,ECB,2012-04-04,0,0,-175,Cumulative rate-change index,-0.5689901844806142
ECB statements,ECB,2012-05-03,0,0,-175,Dictionary net score,0.4724904375147375
ECB statements,ECB,2012-05-03,0,0,-175,Cumulative rate-change index,-0.5689901844806142
ECB statements,ECB,2012-06-06,0,0,-175,Dictionary net score,0.4724904375147375
ECB statements,ECB,2012-06-06,0,0,-175,Cumulative rate-change index,-0.5689901844806142
ECB statements,ECB,2012-07-05,0,-25,-200,Dictionary net score,0.4724904375147375
ECB statements,ECB,2012-07-05,0,-25,-200,Cumulative rate-change index,-0.7372813867223289
ECB statements,ECB,2012-08-02,0,0,-200,Dictionary net score,0.4724904375147375
ECB statements,ECB,2012-08-02,0,0,-200,Cumulative rate-change index,-0.7372813867223289
ECB statements,ECB,2012-09-06,0,0,-200,Dictionary net score,0.4724904375147375
ECB statements,ECB,2012-09-06,0,0,-200,Cumulative rate-change index,-0.7372813867223289
ECB statements,ECB,2012-10-04,0,0,-200,Dictionary net score,0.4724904375147375
ECB statements,ECB,2012-10-04,0,0,-200,Cumulative rate-change index,-0.7372813867223289
ECB statements,ECB,2012-11-08,0,0,-200,Dictionary net score,0.4724904375147375
ECB statements,ECB,2012-11-08,0,0,-200,Cumulative rate-change index,-0.7372813867223289
ECB statements,ECB,2012-12-06,0,0,-200,Dictionary net score,0.4724904375147375
ECB statements,ECB,2012-12-06,0,0,-200,Cumulative rate-change index,-0.7372813867223289
ECB statements,ECB,2013-01-10,0,0,-200,Dictionary net score,0.4724904375147375
ECB statements,ECB,2013-01-10,0,0,-200,Cumulative rate-change index,-0.7372813867223289
ECB statements,ECB,2013-02-07,0,0,-200,Dictionary net score,0.4724904375147375
ECB statements,ECB,2013-02-07,0,0,-200,Cumulative rate-change index,-0.7372813867223289
ECB statements,ECB,2013-03-07,0,0,-200,Dictionary net score,0.4724904375147375
ECB statements,ECB,2013-03-07,0,0,-200,Cumulative rate-change index,-0.7372813867223289
ECB statements,ECB,2013-04-04,0,0,-200,Dictionary net score,0.4724904375147375
ECB statements,ECB,2013-04-04,0,0,-200,Cumulative rate-change index,-0.7372813867223289
ECB statements,ECB,2013-05-02,0,-25,-225,Dictionary net score,0.4724904375147375
ECB statements,ECB,2013-05-02,0,-25,-225,Cumulative rate-change index,-0.9055725889640436
ECB statements,ECB,2013-06-06,0,0,-225,Dictionary net score,0.4724904375147375
ECB statements,ECB,2013-06-06,0,0,-225,Cumulative rate-change index,-0.9055725889640436
ECB statements,ECB,2013-07-04,0,0,-225,Dictionary net score,0.4724904375147375
ECB statements,ECB,2013-07-04,0,0,-225,Cumulative rate-change index,-0.9055725889640436
ECB statements,ECB,2013-08-01,0,0,-225,Dictionary net score,0.4724904375147375
ECB statements,ECB,2013-08-01,0,0,-225,Cumulative rate-change index,-0.9055725889640436
ECB statements,ECB,2013-09-05,0,0,-225,Dictionary net score,0.4724904375147375
ECB statements,ECB,2013-09-05,0,0,-225,Cumulative rate-change index,-0.9055725889640436
ECB statements,ECB,2013-10-02,0,0,-225,Dictionary net score,0.4724904375147375
ECB statements,ECB,2013-10-02,0,0,-225,Cumulative rate-change index,-0.9055725889640436
ECB statements,ECB,2013-11-07,0,-25,-250,Dictionary net score,0.4724904375147375
ECB statements,ECB,2013-11-07,0,-25,-250,Cumulative rate-change index,-1.0738637912057583
ECB statements,ECB,2013-12-05,0,0,-250,Dictionary net score,0.4724904375147375
ECB statements,ECB,2013-12-05,0,0,-250,Cumulative rate-change index,-1.0738637912057583
ECB statements,ECB,2014-01-09,0,0,-250,Dictionary net score,0.4724904375147375
ECB statements,ECB,2014-01-09,0,0,-250,Cumulative rate-change index,-1.0738637912057583
ECB statements,ECB,2014-02-06,0,0,-250,Dictionary net score,0.4724904375147375
ECB statements,ECB,2014-02-06,0,0,-250,Cumulative rate-change index,-1.0738637912057583
ECB statements,ECB,2014-03-06,0,0,-250,Dictionary net score,0.4724904375147375
ECB statements,ECB,2014-03-06,0,0,-250,Cumulative rate-change index,-1.0738637912057583
ECB statements,ECB,2014-04-03,0,0,-250,Dictionary net score,0.4724904375147375
ECB statements,ECB,2014-04-03,0,0,-250,Cumulative rate-change index,-1.0738637912057583
ECB statements,ECB,2014-05-08,0,0,-250,Dictionary net score,0.4724904375147375
ECB statements,ECB,2014-05-08,0,0,-250,Cumulative rate-change index,-1.0738637912057583
ECB statements,ECB,2014-06-05,0,-10,-260,Dictionary net score,0.4724904375147375
ECB statements,ECB,2014-06-05,0,-10,-260,Cumulative rate-change index,-1.141180272102444
ECB statements,ECB,2014-07-03,0,0,-260,Dictionary net score,0.4724904375147375
ECB statements,ECB,2014-07-03,0,0,-260,Cumulative rate-change index,-1.141180272102444
ECB statements,ECB,2014-08-07,0,0,-260,Dictionary net score,0.4724904375147375
ECB statements,ECB,2014-08-07,0,0,-260,Cumulative rate-change index,-1.141180272102444
ECB statements,ECB,2014-09-04,0,-10,-270,Dictionary net score,0.4724904375147375
ECB statements,ECB,2014-09-04,0,-10,-270,Cumulative rate-change index,-1.20849675299913
ECB statements,ECB,2014-10-02,0,0,-270,Dictionary net score,0.4724904375147375
ECB statements,ECB,2014-10-02,0,0,-270,Cumulative rate-change index,-1.20849675299913
ECB statements,ECB,2014-11-06,0,0,-270,Dictionary net score,0.4724904375147375
ECB statements,ECB,2014-11-06,0,0,-270,Cumulative rate-change index,-1.20849675299913
ECB statements,ECB,2014-12-04,0,0,-270,Dictionary net score,0.4724904375147375
ECB statements,ECB,2014-12-04,0,0,-270,Cumulative rate-change index,-1.20849675299913
ECB statements,ECB,2015-01-22,0,0,-270,Dictionary net score,0.4724904375147375
ECB statements,ECB,2015-01-22,0,0,-270,Cumulative rate-change index,-1.20849675299913
ECB statements,ECB,2015-03-05,0,0,-270,Dictionary net score,0.4724904375147375
ECB statements,ECB,2015-03-05,0,0,-270,Cumulative rate-change index,-1.20849675299913
ECB statements,ECB,2015-04-15,0,0,-270,Dictionary net score,0.4724904375147375
ECB statements,ECB,2015-04-15,0,0,-270,Cumulative rate-change index,-1.20849675299913
ECB statements,ECB,2015-06-03,0,0,-270,Dictionary net score,0.4724904375147375
ECB statements,ECB,2015-06-03,0,0,-270,Cumulative rate-change index,-1.20849675299913
ECB statements,ECB,2015-07-16,0,0,-270,Dictionary net score,0.4724904375147375
ECB statements,ECB,2015-07-16,0,0,-270,Cumulative rate-change index,-1.20849675299913
ECB statements,ECB,2015-09-03,0,0,-270,Dictionary net score,0.4724904375147375
ECB statements,ECB,2015-09-03,0,0,-270,Cumulative rate-change index,-1.20849675299913
ECB statements,ECB,2015-10-22,0,0,-270,Dictionary net score,0.4724904375147375
ECB statements,ECB,2015-10-22,0,0,-270,Cumulative rate-change index,-1.20849675299913
ECB statements,ECB,2015-12-03,0,0,-270,Dictionary net score,0.4724904375147375
ECB statements,ECB,2015-12-03,0,0,-270,Cumulative rate-change index,-1.20849675299913
ECB statements,ECB,2016-01-21,0,0,-270,Dictionary net score,0.4724904375147375
ECB statements,ECB,2016-01-21,0,0,-270,Cumulative rate-change index,-1.20849675299913
ECB statements,ECB,2016-03-10,-0.2307692307692308,-5,-275,Dictionary net score,-0.667815425266059
ECB statements,ECB,2016-03-10,-0.2307692307692308,-5,-275,Cumulative rate-change index,-1.242154993447473
ECB statements,ECB,2016-04-21,-0.2307692307692308,0,-275,Dictionary net score,-0.667815425266059
ECB statements,ECB,2016-04-21,-0.2307692307692308,0,-275,Cumulative rate-change index,-1.242154993447473
ECB statements,ECB,2016-06-02,-0.16666666666666666,0,-275,Dictionary net score,-0.3510637967158376
ECB statements,ECB,2016-06-02,-0.16666666666666666,0,-275,Cumulative rate-change index,-1.242154993447473
ECB statements,ECB,2016-07-21,-0.3333333333333333,0,-275,Dictionary net score,-1.1746180309464127
ECB statements,ECB,2016-07-21,-0.3333333333333333,0,-275,Cumulative rate-change index,-1.242154993447473
ECB statements,ECB,2016-09-08,-0.3333333333333333,0,-275,Dictionary net score,-1.1746180309464127
ECB statements,ECB,2016-09-08,-0.3333333333333333,0,-275,Cumulative rate-change index,-1.242154993447473
ECB statements,ECB,2016-10-20,-0.3333333333333333,0,-275,Dictionary net score,-1.1746180309464127
ECB statements,ECB,2016-10-20,-0.3333333333333333,0,-275,Cumulative rate-change index,-1.242154993447473
ECB statements,ECB,2016-12-08,-0.5454545454545454,0,-275,Dictionary net score,-2.22277796542169
ECB statements,ECB,2016-12-08,-0.5454545454545454,0,-275,Cumulative rate-change index,-1.242154993447473
ECB statements,ECB,2017-01-19,-0.5238095238095238,0,-275,Dictionary net score,-2.11582287006707
ECB statements,ECB,2017-01-19,-0.5238095238095238,0,-275,Cumulative rate-change index,-1.242154993447473
ECB statements,ECB,2017-03-09,-0.5238095238095238,0,-275,Dictionary net score,-2.11582287006707
ECB statements,ECB,2017-03-09,-0.5238095238095238,0,-275,Cumulative rate-change index,-1.242154993447473
ECB statements,ECB,2017-04-27,-0.5238095238095238,0,-275,Dictionary net score,-2.11582287006707
ECB statements,ECB,2017-04-27,-0.5238095238095238,0,-275,Cumulative rate-change index,-1.242154993447473
ECB statements,ECB,2017-06-08,-0.5238095238095238,0,-275,Dictionary net score,-2.11582287006707
ECB statements,ECB,2017-06-08,-0.5238095238095238,0,-275,Cumulative rate-change index,-1.242154993447473
ECB statements,ECB,2017-07-20,-0.5238095238095238,0,-275,Dictionary net score,-2.11582287006707
ECB statements,ECB,2017-07-20,-0.5238095238095238,0,-275,Cumulative rate-change index,-1.242154993447473
ECB statements,ECB,2017-09-07,-0.5238095238095238,0,-275,Dictionary net score,-2.11582287006707
ECB statements,ECB,2017-09-07,-0.5238095238095238,0,-275,Cumulative rate-change index,-1.242154993447473
ECB statements,ECB,2017-10-26,-0.5833333333333334,0,-275,Dictionary net score,-2.4099493822922757
ECB statements,ECB,2017-10-26,-0.5833333333333334,0,-275,Cumulative rate-change index,-1.242154993447473
ECB statements,ECB,2017-12-14,-0.5652173913043478,0,-275,Dictionary net score,-2.320432617701995
ECB statements,ECB,2017-12-14,-0.5652173913043478,0,-275,Cumulative rate-change index,-1.242154993447473
ECB statements,ECB,2018-01-25,-0.5652173913043478,0,-275,Dictionary net score,-2.320432617701995
ECB statements,ECB,2018-01-25,-0.5652173913043478,0,-275,Cumulative rate-change index,-1.242154993447473
ECB statements,ECB,2018-03-08,-0.5454545454545454,0,-275,Dictionary net score,-2.22277796542169
ECB statements,ECB,2018-03-08,-0.5454545454545454,0,-275,Cumulative rate-change index,-1.242154993447473
ECB statements,ECB,2018-04-26,-0.5454545454545454,0,-275,Dictionary net score,-2.22277796542169
ECB statements,ECB,2018-04-26,-0.5454545454545454,0,-275,Cumulative rate-change index,-1.242154993447473
ECB statements,ECB,2018-06-14,-0.5384615384615384,0,-275,Dictionary net score,-2.1882232423071204
ECB statements,ECB,2018-06-14,-0.5384615384615384,0,-275,Cumulative rate-change index,-1.242154993447473
ECB statements,ECB,2018-07-26,-0.5454545454545454,0,-275,Dictionary net score,-2.22277796542169
ECB statements,ECB,2018-07-26,-0.5454545454545454,0,-275,Cumulative rate-change index,-1.242154993447473
ECB statements,ECB,2018-09-13,-0.5454545454545454,0,-275,Dictionary net score,-2.22277796542169
ECB statements,ECB,2018-09-13,-0.5454545454545454,0,-275,Cumulative rate-change index,-1.242154993447473
ECB statements,ECB,2018-10-25,-0.5,0,-275,Dictionary net score,-1.9981722651769878
ECB statements,ECB,2018-10-25,-0.5,0,-275,Cumulative rate-change index,-1.242154993447473
ECB statements,ECB,2018-12-13,-0.4117647058823529,0,-275,Dictionary net score,-1.5621729647019773
ECB statements,ECB,2018-12-13,-0.4117647058823529,0,-275,Cumulative rate-change index,-1.242154993447473
ECB statements,ECB,2019-01-24,-0.3333333333333333,0,-275,Dictionary net score,-1.1746180309464127
ECB statements,ECB,2019-01-24,-0.3333333333333333,0,-275,Cumulative rate-change index,-1.242154993447473
ECB statements,ECB,2019-03-07,-0.47368421052631576,0,-275,Dictionary net score,-1.8681373860879495
ECB statements,ECB,2019-03-07,-0.47368421052631576,0,-275,Cumulative rate-change index,-1.242154993447473
ECB statements,ECB,2019-04-10,-0.3333333333333333,0,-275,Dictionary net score,-1.1746180309464127
ECB statements,ECB,2019-04-10,-0.3333333333333333,0,-275,Cumulative rate-change index,-1.242154993447473
ECB statements,ECB,2019-06-06,-0.375,0,-275,Dictionary net score,-1.3805065895040565
ECB statements,ECB,2019-06-06,-0.375,0,-275,Cumulative rate-change index,-1.242154993447473
ECB statements,ECB,2019-07-25,-0.5,0,-275,Dictionary net score,-1.9981722651769878
ECB statements,ECB,2019-07-25,-0.5,0,-275,Cumulative rate-change index,-1.242154993447473
ECB statements,ECB,2019-09-12,-0.4545454545454546,0,-275,Dictionary net score,-1.7735665649322858
ECB statements,ECB,2019-09-12,-0.4545454545454546,0,-275,Cumulative rate-change index,-1.242154993447473
ECB statements,ECB,2019-10-24,-0.29411764705882354,0,-275,Dictionary net score,-0.9808405640686304
ECB statements,ECB,2019-10-24,-0.29411764705882354,0,-275,Cumulative rate-change index,-1.242154993447473
ECB statements,ECB,2019-12-12,-0.29411764705882354,0,-275,Dictionary net score,-0.9808405640686304
ECB statements,ECB,2019-12-12,-0.29411764705882354,0,-275,Cumulative rate-change index,-1.242154993447473
ECB statements,ECB,2020-01-23,-0.29411764705882354,0,-275,Dictionary net score,-0.9808405640686304
ECB statements,ECB,2020-01-23,-0.29411764705882354,0,-275,Cumulative rate-change index,-1.242154993447473
ECB statements,ECB,2020-03-12,-0.5,0,-275,Dictionary net score,-1.9981722651769878
ECB statements,ECB,2020-03-12,-0.5,0,-275,Cumulative rate-change index,-1.242154993447473
ECB statements,ECB,2020-04-30,-0.5714285714285714,0,-275,Dictionary net score,-2.351124079847234
ECB statements,ECB,2020-04-30,-0.5714285714285714,0,-275,Cumulative rate-change index,-1.242154993447473
ECB statements,ECB,2020-06-04,-0.5714285714285714,0,-275,Dictionary net score,-2.351124079847234
ECB statements,ECB,2020-06-04,-0.5714285714285714,0,-275,Cumulative rate-change index,-1.242154993447473
ECB statements,ECB,2020-07-16,-0.5714285714285714,0,-275,Dictionary net score,-2.351124079847234
ECB statements,ECB,2020-07-16,-0.5714285714285714,0,-275,Cumulative rate-change index,-1.242154993447473
ECB statements,ECB,2020-09-10,-0.5714285714285714,0,-275,Dictionary net score,-2.351124079847234
ECB statements,ECB,2020-09-10,-0.5714285714285714,0,-275,Cumulative rate-change index,-1.242154993447473
ECB statements,ECB,2020-10-29,-0.5862068965517241,0,-275,Dictionary net score,-2.4241485932272853
ECB statements,ECB,2020-10-29,-0.5862068965517241,0,-275,Cumulative rate-change index,-1.242154993447473
ECB statements,ECB,2020-12-10,-0.4838709677419355,0,-275,Dictionary net score,-1.9184734683159645
ECB statements,ECB,2020-12-10,-0.4838709677419355,0,-275,Cumulative rate-change index,-1.242154993447473
ECB statements,ECB,2021-01-21,-0.6363636363636364,0,-275,Dictionary net score,-2.671989365911095
ECB statements,ECB,2021-01-21,-0.6363636363636364,0,-275,Cumulative rate-change index,-1.242154993447473
ECB statements,ECB,2021-03-11,-0.6363636363636364,0,-275,Dictionary net score,-2.671989365911095
ECB statements,ECB,2021-03-11,-0.6363636363636364,0,-275,Cumulative rate-change index,-1.242154993447473
ECB statements,ECB,2021-04-22,-0.6363636363636364,0,-275,Dictionary net score,-2.671989365911095
ECB statements,ECB,2021-04-22,-0.6363636363636364,0,-275,Cumulative rate-change index,-1.242154993447473
ECB statements,ECB,2021-06-10,-0.6470588235294118,0,-275,Dictionary net score,-2.724837765968672
ECB statements,ECB,2021-06-10,-0.6470588235294118,0,-275,Cumulative rate-change index,-1.242154993447473
ECB statements,ECB,2021-07-22,-0.5609756097560976,0,-275,Dictionary net score,-2.29947259477354
ECB statements,ECB,2021-07-22,-0.5609756097560976,0,-275,Cumulative rate-change index,-1.242154993447473
ECB statements,ECB,2021-09-09,-0.6818181818181818,0,-275,Dictionary net score,-2.896595066155797
ECB statements,ECB,2021-09-09,-0.6818181818181818,0,-275,Cumulative rate-change index,-1.242154993447473
ECB statements,ECB,2021-10-28,-0.6818181818181818,0,-275,Dictionary net score,-2.896595066155797
ECB statements,ECB,2021-10-28,-0.6818181818181818,0,-275,Cumulative rate-change index,-1.242154993447473
ECB statements,ECB,2021-12-16,-0.5757575757575758,0,-275,Dictionary net score,-2.3725150989181585
ECB statements,ECB,2021-12-16,-0.5757575757575758,0,-275,Cumulative rate-change index,-1.242154993447473
ECB statements,ECB,2022-02-03,-0.5483870967741935,0,-275,Dictionary net score,-2.2372686557600576
ECB statements,ECB,2022-02-03,-0.5483870967741935,0,-275,Cumulative rate-change index,-1.242154993447473
ECB statements,ECB,2022-03-10,-0.6571428571428571,0,-275,Dictionary net score,-2.77466625745153
ECB statements,ECB,2022-03-10,-0.6571428571428571,0,-275,Cumulative rate-change index,-1.242154993447473
ECB statements,ECB,2022-04-14,-0.625,0,-275,Dictionary net score,-2.615837940849919
ECB statements,ECB,2022-04-14,-0.625,0,-275,Cumulative rate-change index,-1.242154993447473
ECB statements,ECB,2022-06-09,-0.3888888888888889,0,-275,Dictionary net score,-1.449136109023271
ECB statements,ECB,2022-06-09,-0.3888888888888889,0,-275,Cumulative rate-change index,-1.242154993447473
ECB statements,ECB,2022-07-21,-0.3076923076923077,50,-225,Dictionary net score,-1.0479173795263244
ECB statements,ECB,2022-07-21,-0.3076923076923077,50,-225,Cumulative rate-change index,-0.9055725889640436
ECB statements,ECB,2022-09-08,-0.1111111111111111,75,-150,Dictionary net score,-0.07654571863897922
ECB statements,ECB,2022-09-08,-0.1111111111111111,75,-150,Cumulative rate-change index,-0.4006989822388995
ECB statements,ECB,2022-10-27,0,75,-75,Dictionary net score,0.4724904375147375
ECB statements,ECB,2022-10-27,0,75,-75,Cumulative rate-change index,0.10417462448624455
ECB statements,ECB,2022-12-15,0.0303030303030303,50,-25,Dictionary net score,0.6222275710112057
ECB statements,ECB,2022-12-15,0.0303030303030303,50,-25,Cumulative rate-change index,0.44075702896967395
ECB statements,ECB,2023-02-02,-0.03448275862068965,50,25,Dictionary net score,0.3020999062946185
ECB statements,ECB,2023-02-02,-0.03448275862068965,50,25,Cumulative rate-change index,0.7773394334531033
ECB statements,ECB,2023-03-16,0.07142857142857142,50,75,Dictionary net score,0.8254422521849839
ECB statements,ECB,2023-03-16,0.07142857142857142,50,75,Cumulative rate-change index,1.1139218379365325
ECB statements,ECB,2023-05-04,0,25,100,Dictionary net score,0.4724904375147375
ECB statements,ECB,2023-05-04,0,25,100,Cumulative rate-change index,1.2822130401782474
ECB statements,ECB,2023-06-15,0.03225806451612903,25,125,Dictionary net score,0.6318880312367843
ECB statements,ECB,2023-06-15,0.03225806451612903,25,125,Cumulative rate-change index,1.4505042424199621
ECB statements,ECB,2023-07-27,0.09090909090909093,25,150,Dictionary net score,0.9217018380041423
ECB statements,ECB,2023-07-27,0.09090909090909093,25,150,Cumulative rate-change index,1.6187954446616768
ECB statements,ECB,2023-09-14,0.05555555555555555,25,175,Dictionary net score,0.7470085155915959
ECB statements,ECB,2023-09-14,0.05555555555555555,25,175,Cumulative rate-change index,1.7870866469033915
ECB statements,ECB,2023-10-26,-0.04,0,175,Dictionary net score,0.2748374212993995
ECB statements,ECB,2023-10-26,-0.04,0,175,Cumulative rate-change index,1.7870866469033915
ECB statements,ECB,2023-12-14,-0.09090909090909093,0,175,Dictionary net score,0.023279037025332804
ECB statements,ECB,2023-12-14,-0.09090909090909093,0,175,Cumulative rate-change index,1.7870866469033915
ECB statements,ECB,2024-01-25,-0.14285714285714285,0,175,Dictionary net score,-0.23341319182575543
ECB statements,ECB,2024-01-25,-0.14285714285714285,0,175,Cumulative rate-change index,1.7870866469033915
ECB statements,ECB,2024-03-07,-0.10344827586206896,0,175,Dictionary net score,-0.03868115614561947
ECB statements,ECB,2024-03-07,-0.10344827586206896,0,175,Cumulative rate-change index,1.7870866469033915
ECB statements,ECB,2024-04-11,0,0,175,Dictionary net score,0.4724904375147375
ECB statements,ECB,2024-04-11,0,0,175,Cumulative rate-change index,1.7870866469033915
ECB statements,ECB,2024-06-06,0,-25,150,Dictionary net score,0.4724904375147375
ECB statements,ECB,2024-06-06,0,-25,150,Cumulative rate-change index,1.6187954446616768
ECB statements,ECB,2024-07-18,0.12,0,150,Dictionary net score,1.0654494861607515
ECB statements,ECB,2024-07-18,0.12,0,150,Cumulative rate-change index,1.6187954446616768
ECB statements,ECB,2024-09-12,0.0967741935483871,-60,90,Dictionary net score,0.9506832186808779
ECB statements,ECB,2024-09-12,0.0967741935483871,-60,90,Cumulative rate-change index,1.2148965592815615
ECB statements,ECB,2024-10-17,-0.08333333333333333,-25,65,Dictionary net score,0.06071332039944996
ECB statements,ECB,2024-10-17,-0.08333333333333333,-25,65,Cumulative rate-change index,1.0466053570398468
ECB statements,ECB,2024-12-12,-0.25925925925925924,-25,40,Dictionary net score,-0.8085939268439348
ECB statements,ECB,2024-12-12,-0.25925925925925924,-25,40,Cumulative rate-change index,0.8783141547981321
ECB statements,ECB,2025-01-30,-0.1724137931034483,-25,15,Dictionary net score,-0.3794622185858575
ECB statements,ECB,2025-01-30,-0.1724137931034483,-25,15,Cumulative rate-change index,0.7100229525564175
ECB statements,ECB,2025-03-06,-0.13333333333333333,-25,-10,Dictionary net score,-0.1863529498697226
ECB statements,ECB,2025-03-06,-0.13333333333333333,-25,-10,Cumulative rate-change index,0.5417317503147028
ECB statements,ECB,2025-04-17,-0.2,-25,-35,Dictionary net score,-0.5157746435619527
ECB statements,ECB,2025-04-17,-0.2,-25,-35,Cumulative rate-change index,0.37344054807298804
ECB statements,ECB,2025-06-05,-0.3333333333333333,-25,-60,Dictionary net score,-1.1746180309464127
ECB statements,ECB,2025-06-05,-0.3333333333333333,-25,-60,Cumulative rate-change index,0.20514934583127337
ECB statements,ECB,2025-07-24,-0.15789473684210523,0,-60,Dictionary net score,-0.3077188370194914
ECB statements,ECB,2025-07-24,-0.15789473684210523,0,-60,Cumulative rate-change index,0.20514934583127337
ECB statements,ECB,2025-09-11,-0.17647058823529413,0,-60,Dictionary net score,-0.3995081634352833
ECB statements,ECB,2025-09-11,-0.17647058823529413,0,-60,Cumulative rate-change index,0.20514934583127337
ECB statements,ECB,2025-10-30,-0.3333333333333333,0,-60,Dictionary net score,-1.1746180309464127
ECB statements,ECB,2025-10-30,-0.3333333333333333,0,-60,Cumulative rate-change index,0.20514934583127337
ECB statements,ECB,2025-12-18,-0.1,0,-60,Dictionary net score,-0.021642103023607605
ECB statements,ECB,2025-12-18,-0.1,0,-60,Cumulative rate-change index,0.20514934583127337
ECB statements,ECB,2026-02-05,-0.2631578947368421,0,-60,Dictionary net score,-0.8278583533756442
ECB statements,ECB,2026-02-05,-0.2631578947368421,0,-60,Cumulative rate-change index,0.20514934583127337
ECB statements,ECB,2026-03-19,-0.03703703703703703,0,-60,Dictionary net score,0.28947838546349863
ECB statements,ECB,2026-03-19,-0.03703703703703703,0,-60,Cumulative rate-change index,0.20514934583127337
