corpus,outcome,score,method,control,n,coef,se,t,p,stars,coef_print,se_print,r2,adj_r2,status,missing
FOMC statements,SP500,net_score,Dictionary,MP1,232,-0.09173459580476939,0.1470111118594005,-0.6239977008847002,0.5332501963547585,,-0.0917,(0.1470),0.05087904800469755,0.04258978204840669,ok,NA
FOMC statements,SP500,rf_score,Random Forest,MP1,226,0.036996064099222466,0.09297015983593405,0.3979348230067585,0.6910589133224263,,0.0370,(0.0930),0.05366741918866223,0.04518013146838118,ok,NA
FOMC statements,SP500,bert_score,RoBERTa/BERT,MP1,228,-0.11514702577625484,0.17680120023974422,-0.651279661111544,0.5155305910556433,,-0.1151,(0.1768),0.06306395965521173,0.05473563929659131,ok,NA
FOMC statements,EURUSD,net_score,Dictionary,MP1,230,0.05712415707086157,0.1005055068903403,0.5683684291368102,0.5703466377049978,,0.0571,(0.1005),0.06115324565965567,0.05288146808837502,ok,NA
FOMC statements,EURUSD,rf_score,Random Forest,MP1,224,-0.005656071385220266,0.04222109823523607,-0.13396315163824732,0.8935536256999008,,-0.0057,(0.0422),0.057634692266917344,0.049106499436753714,ok,NA
FOMC statements,EURUSD,bert_score,RoBERTa/BERT,MP1,226,-0.044271945327832,0.10219817016833142,-0.4331970450636379,0.6652903390453453,,-0.0443,(0.1022),0.05784248841834334,0.04939264526514464,ok,NA
FOMC statements,DXY,net_score,Dictionary,MP1,242,-0.05355580812758797,0.09282741150835488,-0.5769395834415538,0.5645232867359058,,-0.0536,(0.0928),0.09644312308405788,0.0888819776705354,ok,NA
FOMC statements,DXY,rf_score,Random Forest,MP1,235,0.0026854345615833415,0.038169781714636135,0.07035498870965816,0.9439717229038087,,0.0027,(0.0382),0.09352170276954876,0.08570723468997588,ok,NA
FOMC statements,DXY,bert_score,RoBERTa/BERT,MP1,237,0.04449688169691425,0.0922968414076073,0.4821062239866285,0.6301811118704725,,0.0445,(0.0923),0.10398375666245845,0.096325498172394,ok,NA
FOMC statements,UST2Y,net_score,Dictionary,MP1,242,0.010762023571314741,0.014576117815383587,0.7383326416281115,0.4610367158213827,,0.0108,(0.0146),0.19118125408607317,0.1844128963796805,ok,NA
FOMC statements,UST2Y,rf_score,Random Forest,MP1,235,0.016597090318680004,0.007635853435756237,2.1735737148857766,0.03074919893652153,**,0.0166**,(0.0076),0.20178383619595588,0.19490266237005893,ok,NA
FOMC statements,UST2Y,bert_score,RoBERTa/BERT,MP1,237,0.03756243633376862,0.01612322918265033,2.329709260362577,0.020673290267090975,**,0.0376**,(0.0161),0.2624528709005364,0.2561490492843017,ok,NA
FOMC statements,UST5Y,net_score,Dictionary,MP1,242,0.008138013984780468,0.014864448038805675,0.5474817472895778,0.5845586943703378,,0.0081,(0.0149),0.0751761488818334,0.06743703715699534,ok,NA
FOMC statements,UST5Y,rf_score,Random Forest,MP1,235,0.013355106054543625,0.007065123998099058,1.890286151826486,0.059966152843127785,*,0.0134*,(0.0071),0.08064425191863667,0.07271877133172844,ok,NA
FOMC statements,UST5Y,bert_score,RoBERTa/BERT,MP1,237,0.038542690084613355,0.0164831313673937,2.3383111634271767,0.020214402520735444,**,0.0385**,(0.0165),0.13754658126132135,0.13017518451996513,ok,NA
FOMC statements,UST10Y,net_score,Dictionary,MP1,242,0.0026862017879781147,0.01205464843451081,0.22283534875126562,0.8238539793996444,,0.0027,(0.0121),0.021868710804881435,0.013683511732119014,ok,NA
FOMC statements,UST10Y,rf_score,Random Forest,MP1,235,0.007580269387267905,0.005144971231240126,1.4733356216339393,0.1420160217460412,,0.0076,(0.0051),0.024523915926532393,0.01611463933969215,ok,NA
FOMC statements,UST10Y,bert_score,RoBERTa/BERT,MP1,237,0.02089351994909936,0.012852100655237026,1.6256891001383174,0.10536180801660965,,0.0209,(0.0129),0.055121269065981165,0.04704538247680157,ok,NA
FOMC statements,UST30Y,net_score,Dictionary,MP1,242,-0.002031793395611097,0.009455176964357125,-0.21488687131613537,0.830038766669305,,-0.0020,(0.0095),0.0020831730062792673,-0.006267595420446304,ok,NA
FOMC statements,UST30Y,rf_score,Random Forest,MP1,235,0.0014687678999068508,0.0039548213704834285,0.37138666005724347,0.7106884976206238,,0.0015,(0.0040),0.0029451726311257843,-0.005650127604812649,ok,NA
FOMC statements,UST30Y,bert_score,RoBERTa/BERT,MP1,237,0.007116428707944944,0.010769549749275827,0.6607916647976366,0.5093959443823443,,0.0071,(0.0108),0.0015504627778669805,-0.006983293950527214,ok,NA
FOMC statements,TIPS5Y,net_score,Dictionary,MP1,176,-0.0032148725712304992,0.019581467967215965,-0.16417934429701392,0.8697816200128142,,-0.0032,(0.0196),0.02998396916612866,0.018769911006199402,ok,NA
FOMC statements,TIPS5Y,rf_score,Random Forest,MP1,172,0.009702288775189806,0.009264238220212512,1.0472840339987766,0.29646409465543866,,0.0097,(0.0093),0.027995970340458275,0.016492964072297944,ok,NA
FOMC statements,TIPS5Y,bert_score,RoBERTa/BERT,MP1,174,0.029264163520487507,0.02234129370562251,1.309868797486994,0.19199720065971335,,0.0293,(0.0223),0.09537180090049123,0.08479135412739747,ok,NA
FOMC statements,TIPS10Y,net_score,Dictionary,MP1,176,0.0017001974085913117,0.01489283749573165,0.11416208691450475,0.9092416880738037,,0.0017,(0.0149),0.018247526956187966,0.006897787383426945,ok,NA
FOMC statements,TIPS10Y,rf_score,Random Forest,MP1,172,0.008269885448983359,0.006540432674334905,1.264424826423937,0.20781859002831135,,0.0083,(0.0065),0.02041349736197635,0.008820757685786718,ok,NA
FOMC statements,TIPS10Y,bert_score,RoBERTa/BERT,MP1,174,0.020134323231475883,0.01603998897674627,1.2552579219764624,0.21109781936168912,,0.0201,(0.0160),0.04806129295276294,0.03692750690542679,ok,NA
FOMC press conferences,SP500,net_score,Dictionary,MP1,91,0.5918416565421272,0.43118701465040704,1.3725869203690513,0.17336894815712764,,0.5918,(0.4312),0.04561210809763735,0.023921474190765513,ok,NA
FOMC press conferences,SP500,rf_score,Random Forest,MP1,91,0.2881108240101317,0.21808420200711148,1.3210990129433435,0.1898932669538,,0.2881,(0.2181),0.02229149979529918,7.085206337420491e-5,ok,NA
FOMC press conferences,SP500,bert_score,RoBERTa/BERT,MP1,91,-0.2777744674533435,0.6873212911410348,-0.4041406414054262,0.6870898117294009,,-0.2778,(0.6873),0.00944126037025567,-0.01307143825769308,ok,NA
FOMC press conferences,EURUSD,net_score,Dictionary,MP1,91,0.19145452683150113,0.12022763163756134,1.5924336545916553,0.11487319678050137,,0.1915,(0.1202),0.04887858902641316,0.027262193322468042,ok,NA
FOMC press conferences,EURUSD,rf_score,Random Forest,MP1,91,0.20180881712827872,0.08979305811555861,2.2474879613584617,0.02710901441215656,**,0.2018**,(0.0898),0.07965971113837969,0.058742886391524696,ok,NA
FOMC press conferences,EURUSD,bert_score,RoBERTa/BERT,MP1,91,0.45679361815097447,0.24407048095763825,1.8715643791034984,0.06458915921374359,*,0.4568*,(0.2441),0.04649756978024303,0.024827060002521217,ok,NA
FOMC press conferences,DXY,net_score,Dictionary,MP1,91,-0.17941398662707872,0.1171940207059934,-1.5309141673462812,0.12937767929020258,,-0.1794,(0.1172),0.047333410568885466,0.025681897172723844,ok,NA
FOMC press conferences,DXY,rf_score,Random Forest,MP1,91,-0.19445181207482803,0.08815405600639416,-2.205818097135811,0.030002126552739785,**,-0.1945**,(0.0882),0.07998085659014234,0.05907133060355463,ok,NA
FOMC press conferences,DXY,bert_score,RoBERTa/BERT,MP1,91,-0.41340489173974176,0.23917967068917675,-1.7284282169489957,0.08741875937176953,*,-0.4134*,(0.2392),0.04274518043618959,0.020989389082466614,ok,NA
FOMC press conferences,UST2Y,net_score,Dictionary,MP1,91,-0.020850326246236298,0.01964226263713651,-1.061503281542309,0.2913658079056288,,-0.0209,(0.0196),0.02949028033281208,0.007433241249466982,ok,NA
FOMC press conferences,UST2Y,rf_score,Random Forest,MP1,91,-0.03954533585170069,0.013303830826390447,-2.9724773539104006,0.003809722193890494,***,-0.0395***,(0.0133),0.127421014588045,0.10758967401050057,ok,NA
FOMC press conferences,UST2Y,bert_score,RoBERTa/BERT,MP1,91,-0.06452079610249947,0.035127429061341156,-1.8367639712496535,0.06962066667592894,*,-0.0645*,(0.0351),0.04147660800554721,0.019691985460218775,ok,NA
FOMC press conferences,UST5Y,net_score,Dictionary,MP1,91,-0.006715995842465234,0.0231810229288705,-0.28971956341499,0.772712320421042,,-0.0067,(0.0232),0.001966930398851449,-0.02071563936481091,ok,NA
FOMC press conferences,UST5Y,rf_score,Random Forest,MP1,91,-0.03157752866194354,0.012155065331116596,-2.5978904927072697,0.01099495833290925,**,-0.0316**,(0.0122),0.054855566967285024,0.03337501167108692,ok,NA
FOMC press conferences,UST5Y,bert_score,RoBERTa/BERT,MP1,91,-0.07078055255432698,0.0357727701486087,-1.9786153619159919,0.05098660621691075,*,-0.0708*,(0.0358),0.028682752456188954,0.006607360466556966,ok,NA
FOMC press conferences,UST10Y,net_score,Dictionary,MP1,91,0.0012383877751099097,0.01840295150214803,0.06729288913060291,0.9465011949877061,,0.0012,(0.0184),0.0011688976762559958,-0.021531809194738294,ok,NA
FOMC press conferences,UST10Y,rf_score,Random Forest,MP1,91,-0.019570264676259434,0.00934586827403213,-2.0940017666027027,0.03913602375240571,**,-0.0196**,(0.0093),0.035122853511845055,0.01319382745529607,ok,NA
FOMC press conferences,UST10Y,bert_score,RoBERTa/BERT,MP1,91,-0.051059244428553405,0.02813062053813497,-1.8150770744404836,0.07291873472930391,*,-0.0511*,(0.0281),0.025024956800617823,0.0028664330915408875,ok,NA
FOMC press conferences,UST30Y,net_score,Dictionary,MP1,91,-1.455044783179433e-4,0.00867402601086318,-0.016774733916605316,0.9866543006134427,,-0.0001,(0.0087),0.014166965187965072,-0.008238331057762949,ok,NA
FOMC press conferences,UST30Y,rf_score,Random Forest,MP1,91,-0.009250235480269679,0.005351859158720192,-1.7284153423950936,0.0874210780616028,*,-0.0093*,(0.0054),0.04451004500434003,0.022794364208984175,ok,NA
FOMC press conferences,UST30Y,bert_score,RoBERTa/BERT,MP1,91,-0.026400375306322707,0.017211416600464113,-1.5338874143346697,0.12864487619574727,,-0.0264,(0.0172),0.03970426332695633,0.017879360220750762,ok,NA
FOMC press conferences,TIPS5Y,net_score,Dictionary,MP1,91,-0.030859902704718008,0.02425231321266379,-1.272451927950689,0.20656448474350397,,-0.0309,(0.0243),0.029426019947192048,0.007367520400537342,ok,NA
FOMC press conferences,TIPS5Y,rf_score,Random Forest,MP1,91,-0.04830983556704767,0.016002966498023102,-3.018805017995603,0.0033197680146849974,***,-0.0483***,(0.0160),0.11275893321900683,0.09259436351943884,ok,NA
FOMC press conferences,TIPS5Y,bert_score,RoBERTa/BERT,MP1,91,-0.08671459029572845,0.04508225557349015,-1.9234749724172957,0.0576534300766832,*,-0.0867*,(0.0451),0.03810708000093911,0.01624587727368776,ok,NA
FOMC press conferences,TIPS10Y,net_score,Dictionary,MP1,91,-0.019332890975579203,0.019100752736933096,-1.0121533555165731,0.3142396302335038,,-0.0193,(0.0191),0.01853907023002863,-0.0037668599920162027,ok,NA
FOMC press conferences,TIPS10Y,rf_score,Random Forest,MP1,91,-0.03351776085736553,0.010829585883973774,-3.0950177796703184,0.002638910010702273,***,-0.0335***,(0.0108),0.08858003434748951,0.06786594421902337,ok,NA
FOMC press conferences,TIPS10Y,bert_score,RoBERTa/BERT,MP1,91,-0.07622468714984286,0.03187570547299389,-2.3913098084816613,0.01891863096253292,**,-0.0762**,(0.0319),0.04739383648683536,0.0257436964069907,ok,NA
ECB statements,SX5E,net_score,Dictionary,OIS_MP1,253,-0.08172304850522749,0.10877714617190541,-0.7512887714123047,0.4531855129768909,,-0.0817,(0.1088),0.17817786767030705,0.17160329061166957,ok,NA
ECB statements,SX5E,rf_score,Random Forest,OIS_MP1,252,0.3712668827861224,0.1690332018021013,2.196413951980806,0.0289846270375924,**,0.3713**,(0.1690),0.20839106855482342,0.2020327638845809,ok,NA
ECB statements,SX5E,bert_score,RoBERTa/BERT,OIS_MP1,253,-0.04248178184010726,0.3503084487707035,-0.12126964676182836,0.9035748743088409,,-0.0425,(0.3503),0.1763750838995777,0.16978608457077426,ok,NA
ECB statements,SX7E,net_score,Dictionary,OIS_MP1,253,-0.22137311290996375,0.22882983516736333,-0.9674136798991013,0.33427221048157196,,-0.2214,(0.2288),0.05700499310633162,0.049461033051182324,ok,NA
ECB statements,SX7E,rf_score,Random Forest,OIS_MP1,252,0.7474394966934481,0.33315448086644917,2.2435222685570673,0.025742764901530345,**,0.7474**,(0.3332),0.1020538271502252,0.09484140809119068,ok,NA
ECB statements,SX7E,bert_score,RoBERTa/BERT,OIS_MP1,253,0.18834022115116708,0.6144080183122431,0.3065393281626287,0.7594491879049343,,0.1883,(0.6144),0.05215326328242503,0.044570489388684464,ok,NA
ECB statements,EURUSD,net_score,Dictionary,OIS_MP1,253,0.05970821815199473,0.07441476132179292,0.8023706196381863,0.42310067777056815,,0.0597,(0.0744),0.00438503123047591,-0.0035798885196802743,ok,NA
ECB statements,EURUSD,rf_score,Random Forest,OIS_MP1,252,-0.027956645961762516,0.12694206810635528,-0.22023153064073078,0.8258712971181704,,-0.0280,(0.1269),0.0018209448905825367,-0.006196557560095739,ok,NA
ECB statements,EURUSD,bert_score,RoBERTa/BERT,OIS_MP1,253,-0.0440726821707539,0.2490032725279779,-0.17699639736984546,0.8596545289964042,,-0.0441,(0.2490),0.00203870801185257,-0.005944982324052717,ok,NA
ECB statements,OIS_MP2,net_score,Dictionary,OIS_MP1,244,-0.4036160386253489,0.7444468231550616,-0.5421690657698989,0.5882029923949086,,-0.4036,(0.7444),0.21025315696501604,0.20369924125518213,ok,NA
ECB statements,OIS_MP2,rf_score,Random Forest,OIS_MP1,243,-0.7118932578297513,1.7754146257645367,-0.4009729600617618,0.6887967801358862,,-0.7119,(1.7754),0.20806973946696866,0.20147032062919334,ok,NA
ECB statements,OIS_MP2,bert_score,RoBERTa/BERT,OIS_MP1,244,-3.778397774495646,2.3311978031127683,-1.62079672923957,0.10636886807537249,,-3.7784,(2.3312),0.2275388429495149,0.22112837691590093,ok,NA
ECB statements,OIS_5Y,net_score,Dictionary,OIS_MP1,112,-1.0554665291403078,1.0093013939273614,-1.0457396923165934,0.29799474639771095,,-1.0555,(1.0093),0.023387149275847396,0.005467647427697897,ok,NA
ECB statements,OIS_5Y,rf_score,Random Forest,OIS_MP1,112,-0.4830741237586554,2.0615280932717512,-0.23432817885687499,0.8151697989732559,,-0.4831,(2.0615),0.015515036517874475,-0.0025489077662010917,ok,NA
ECB statements,OIS_5Y,bert_score,RoBERTa/BERT,OIS_MP1,112,-3.134022956747374,2.579879021277532,-1.2147945430384697,0.22706949799310408,,-3.1340,(2.5799),0.032297080394604806,0.014541063521111397,ok,NA
ECB statements,OIS_10Y,net_score,Dictionary,OIS_MP1,113,-0.6497242597012072,0.7540568450651354,-0.8616383021429691,0.39076100036819916,,-0.6497,(0.7541),0.01584009337960171,-0.002053723104405547,ok,NA
ECB statements,OIS_10Y,rf_score,Random Forest,OIS_MP1,113,-0.6278860746791058,1.4963102604798846,-0.4196229159571059,0.6755793581243195,,-0.6279,(1.4963),0.013531402284238065,-0.004404390401502978,ok,NA
ECB statements,OIS_10Y,bert_score,RoBERTa/BERT,OIS_MP1,113,-1.4037635163672249,2.026619353479371,-0.6926626423246155,0.4899810329595705,,-1.4038,(2.0266),0.016070725554526703,-0.0018188976172091031,ok,NA
ECB statements,DE2Y,net_score,Dictionary,OIS_MP1,253,-0.4189526856402564,0.8475010221171614,-0.49433885589147875,0.6215009802307679,,-0.4190,(0.8475),0.11669036563207821,0.1096238885571349,ok,NA
ECB statements,DE2Y,rf_score,Random Forest,OIS_MP1,252,-0.9296966572759319,1.6560297987252226,-0.5614009228527126,0.5750291610765002,,-0.9297,(1.6560),0.11616787971757593,0.10906882654261663,ok,NA
ECB statements,DE2Y,bert_score,RoBERTa/BERT,OIS_MP1,253,-4.1992195651602735,2.330009908920551,-1.8022324922668214,0.07271330440711295,*,-4.1992*,(2.3300),0.1379257996599455,0.131029206057225,ok,NA
ECB statements,DE10Y,net_score,Dictionary,OIS_MP1,253,-0.15101418794656646,0.7096723105114964,-0.21279425124776669,0.8316608582209182,,-0.1510,(0.7097),0.03567005258119554,0.02795541300184501,ok,NA
ECB statements,DE10Y,rf_score,Random Forest,OIS_MP1,252,-0.43994018540921287,1.2160468370448039,-0.3617789808806548,0.7178240164351272,,-0.4399,(1.2160),0.043524019738580874,0.03584148174451318,ok,NA
ECB statements,DE10Y,bert_score,RoBERTa/BERT,OIS_MP1,253,-2.5418434695702867,1.9371892989815114,-1.3121296255903725,0.19067988920602075,,-2.5418,(1.9372),0.05155397173209887,0.0439664035059556,ok,NA
ECB statements,IT10Y_spread,net_score,Dictionary,OIS_MP1,233,1.3950469553517755,1.2852342110775228,1.085441815451043,0.27886238740560343,,1.3950,(1.2852),0.019542693294641023,0.011016977584159648,ok,NA
ECB statements,IT10Y_spread,rf_score,Random Forest,OIS_MP1,232,0.0929396071632378,1.0910947891897131,0.08518014024451363,0.9321926020411165,,0.0929,(1.0911),0.004982426507907051,-0.003707683304251086,ok,NA
ECB statements,IT10Y_spread,bert_score,RoBERTa/BERT,OIS_MP1,233,0.4479152063969128,3.2282580359066158,0.1387482665310307,0.8897704817594957,,0.4479,(3.2283),0.00513336675784807,-0.0035176474442575323,ok,NA
ECB press conferences,SX5E,net_score,Dictionary,OIS_MP1,243,0.17371496371249706,0.11395093486324341,1.5244715975430883,0.12870756850235154,,0.1737,(0.1140),0.012280008431761254,0.004049008502025941,ok,NA
ECB press conferences,SX5E,rf_score,Random Forest,OIS_MP1,231,0.19106730498962285,0.12365275144881321,1.5451925068462087,0.12368654864055387,,0.1911,(0.1237),0.010350636529658548,0.001669501762374792,ok,NA
ECB press conferences,SX5E,bert_score,RoBERTa/BERT,OIS_MP1,243,0.4553504679747211,0.1876889265048095,2.4260912801536687,0.016000444149814472,**,0.4554**,(0.1877),0.022128776206152317,0.013979849341203554,ok,NA
ECB press conferences,SX7E,net_score,Dictionary,OIS_MP1,243,0.38152286034761124,0.19794914963313656,1.9273781223849449,0.055112848072876475,*,0.3815*,(0.1979),0.0190427167020026,0.010868072674519391,ok,NA
ECB press conferences,SX7E,rf_score,Random Forest,OIS_MP1,231,0.08482535068457324,0.17088868626779607,0.4963778032189048,0.6201060874201899,,0.0848,(0.1709),8.90121596091561e-4,-0.007874000144293625,ok,NA
ECB press conferences,SX7E,bert_score,RoBERTa/BERT,OIS_MP1,243,0.6707073267423307,0.31201968835502975,2.1495673246720584,0.032589544875331874,**,0.6707**,(0.3120),0.01635124552265359,0.008154172568675677,ok,NA
ECB press conferences,EURUSD,net_score,Dictionary,OIS_MP1,243,0.012368372190795607,0.07681611081176937,0.16101273626183882,0.8722188208682997,,0.0124,(0.0768),0.016583024149893637,0.0083878826844761,ok,NA
ECB press conferences,EURUSD,rf_score,Random Forest,OIS_MP1,231,-0.15933015942071446,0.08204627834173919,-1.9419547436030238,0.053374413852365854,*,-0.1593*,(0.0820),0.041223509469899215,0.03281318937752986,ok,NA
ECB press conferences,EURUSD,bert_score,RoBERTa/BERT,OIS_MP1,243,-0.03540664327333038,0.1350726258855182,-0.26213041348096355,0.7934457467532089,,-0.0354,(0.1351),0.016726758213229716,0.008532814531673316,ok,NA
ECB press conferences,OIS_MP2,net_score,Dictionary,OIS_MP1,235,-0.7188429925958899,0.7816168405655135,-0.9196871859564776,0.35869149213628504,,-0.7188,(0.7816),0.07208964752935429,0.06409042035288326,ok,NA
ECB press conferences,OIS_MP2,rf_score,Random Forest,OIS_MP1,224,0.5963044483214032,0.9429563359430356,0.632377582706466,0.5277938756505413,,0.5963,(0.9430),0.08027660292319463,0.07195331426186613,ok,NA
ECB press conferences,OIS_MP2,bert_score,RoBERTa/BERT,OIS_MP1,235,1.7724071885242152,1.3217653292454494,1.3409393856139515,0.18125152126656044,,1.7724,(1.3218),0.07452023095753693,0.06654195708648125,ok,NA
ECB press conferences,OIS_5Y,net_score,Dictionary,OIS_MP1,104,-0.8159642411444529,1.5664335551476798,-0.5209057469836476,0.6035726164409204,,-0.8160,(1.5664),0.09946211466043567,0.08162968128737491,ok,NA
ECB press conferences,OIS_5Y,rf_score,Random Forest,OIS_MP1,104,-1.3850547248335494,1.698509374344087,-0.8154530941982087,0.41673186842972876,,-1.3851,(1.6985),0.1086365700720895,0.09098580908341802,ok,NA
ECB press conferences,OIS_5Y,bert_score,RoBERTa/BERT,OIS_MP1,104,0.4788057432326501,2.2991696630312277,0.2082515922732697,0.8354519051237168,,0.4788,(2.2992),0.09533504228757876,0.0774208847091149,ok,NA
ECB press conferences,OIS_10Y,net_score,Dictionary,OIS_MP1,105,-0.6996533163543085,1.2421878269561453,-0.563242773090715,0.5745056637945449,,-0.6997,(1.2422),0.02332532278690318,0.0041748389199797176,ok,NA
ECB press conferences,OIS_10Y,rf_score,Random Forest,OIS_MP1,105,-1.539282315371363,1.342776470099148,-1.14634293171499,0.25433543066395375,,-1.5393,(1.3428),0.042784872348281586,0.0240159482766793,ok,NA
ECB press conferences,OIS_10Y,bert_score,RoBERTa/BERT,OIS_MP1,105,0.2017246945209532,1.9746303960112013,0.10215820384839701,0.918831666662131,,0.2017,(1.9746),0.018759063841419402,-4.809545146311489e-4,ok,NA
ECB press conferences,DE2Y,net_score,Dictionary,OIS_MP1,243,-0.35838647933924284,0.8568757354909327,-0.4182479028116151,0.6761398713401405,,-0.3584,(0.8569),0.056498742734182233,0.048636232256967116,ok,NA
ECB press conferences,DE2Y,rf_score,Random Forest,OIS_MP1,231,0.853525286156809,1.1426039442761782,0.7470001223367945,0.45583312305524104,,0.8535,(1.1426),0.059326944620482935,0.05107542659083797,ok,NA
ECB press conferences,DE2Y,bert_score,RoBERTa/BERT,OIS_MP1,243,2.3181161977572633,1.4044620514327593,1.6505367271350917,0.10014119616329706,,2.3181,(1.4045),0.06492768280982839,0.05713541349991036,ok,NA
ECB press conferences,DE10Y,net_score,Dictionary,OIS_MP1,243,-0.5830383506512195,0.5947905206697238,-0.980241497451453,0.3279540079381206,,-0.5830,(0.5948),0.009185043827808428,9.282525263735186e-4,ok,NA
ECB press conferences,DE10Y,rf_score,Random Forest,OIS_MP1,231,-0.6263420969591553,0.7944203184901295,-0.7884265827308865,0.431266210820494,,-0.6263,(0.7944),0.009296981749479504,6.066043964046974e-4,ok,NA
ECB press conferences,DE10Y,bert_score,RoBERTa/BERT,OIS_MP1,243,0.28431212036943865,1.0212910344769612,0.27838501540850674,0.7809565175202053,,0.2843,(1.0213),0.004956372067158786,-0.0033356581656147632,ok,NA
ECB press conferences,IT10Y_spread,net_score,Dictionary,OIS_MP1,220,-1.2648256495212813,1.028005953948798,-1.2303680194290767,0.21989140332658946,,-1.2648,(1.0280),0.007977609873205017,-0.0011654536302676544,ok,NA
ECB press conferences,IT10Y_spread,rf_score,Random Forest,OIS_MP1,215,0.1210397019070109,0.939054003786051,0.12889535790168244,0.8975626493514464,,0.1210,(0.9391),9.960880186977021e-5,-0.009333413756603237,ok,NA
ECB press conferences,IT10Y_spread,bert_score,RoBERTa/BERT,OIS_MP1,220,-2.7840014224291463,1.8323071571210532,-1.5193966860902341,0.13011831569624788,,-2.7840,(1.8323),0.010575283757730024,0.0014561619490455202,ok,NA
