label,outcome,score_term,fe_spec,estimate,se,pvalue,n,r2,stars,coef_print,se_print,significant_10
ECB PC -> OIS_MP2 [fwd/curr],OIS_MP2,net_score_curr,A,-1.6952142647201385,1.063549492362225,0.11232095943396464,235,0.07758847590697548,,-1.6952,(1.0635),FALSE
ECB PC -> OIS_MP2 [fwd/curr],OIS_MP2,net_score_fwd,A,0.9141451914671987,1.4169982382640682,0.5194844740634109,235,0.07758847590697548,,0.9141,(1.4170),FALSE
ECB PC -> OIS_MP2 [fwd/curr],OIS_MP2,net_score_curr,B,-1.3411266565610536,1.1096583933418602,0.22807074274886885,235,0.08508136918413123,,-1.3411,(1.1097),FALSE
ECB PC -> OIS_MP2 [fwd/curr],OIS_MP2,net_score_fwd,B,0.9775033985136872,1.6985316845090233,0.565521361235851,235,0.08508136918413123,,0.9775,(1.6985),FALSE
ECB PC -> OIS_MP2 [fwd/curr],OIS_MP2,net_score_curr,C,-1.559561347513814,1.131800932751615,0.16958254650732998,235,0.0874444299723981,,-1.5596,(1.1318),FALSE
ECB PC -> OIS_MP2 [fwd/curr],OIS_MP2,net_score_fwd,C,0.5269628140898412,1.995006471182263,0.7919120548077536,235,0.0874444299723981,,0.5270,(1.9950),FALSE
ECB PC -> SX5E [fwd/curr],SX5E,net_score_curr,A,0.11243907639692229,0.17830085962590078,0.5288952574642432,243,0.01201134357627131,,0.1124,(0.1783),FALSE
ECB PC -> SX5E [fwd/curr],SX5E,net_score_fwd,A,0.09754623705714824,0.18590719524481827,0.600275362271911,243,0.01201134357627131,,0.0975,(0.1859),FALSE
ECB PC -> SX5E [fwd/curr],SX5E,net_score_curr,B,0.09733242152764882,0.17488637126155485,0.578364567625212,243,0.01237990697287017,,0.0973,(0.1749),FALSE
ECB PC -> SX5E [fwd/curr],SX5E,net_score_fwd,B,0.08837200429346123,0.23567320727416435,0.708014417892867,243,0.01237990697287017,,0.0884,(0.2357),FALSE
ECB PC -> SX5E [fwd/curr],SX5E,net_score_curr,C,0.10532099120583206,0.18231701932514213,0.5640352733745164,243,0.0130394097410289,,0.1053,(0.1823),FALSE
ECB PC -> SX5E [fwd/curr],SX5E,net_score_fwd,C,0.10039328533009469,0.2445007866806747,0.6817378068475075,243,0.0130394097410289,,0.1004,(0.2445),FALSE
ECB Stmt -> SX5E [fwd/curr],SX5E,net_score_curr,A,0.8057869875599571,0.3760677346714506,0.03310988131315647,253,0.2097154302760873,**,0.8058**,(0.3761),TRUE
ECB Stmt -> SX5E [fwd/curr],SX5E,net_score_fwd,A,-0.47773944433122983,0.23485800274341295,0.04299513361304589,253,0.2097154302760873,**,-0.4777**,(0.2349),TRUE
ECB Stmt -> SX5E [fwd/curr],SX5E,net_score_curr,B,0.8500594516919785,0.37503302672810257,0.0242820595000234,253,0.22363726368782477,**,0.8501**,(0.3750),TRUE
ECB Stmt -> SX5E [fwd/curr],SX5E,net_score_fwd,B,-0.33613923193880463,0.24888825836173115,0.17807658699452067,253,0.22363726368782477,,-0.3361,(0.2489),FALSE
ECB Stmt -> SX5E [fwd/curr],SX5E,net_score_curr,C,0.8331602035562881,0.3752255307562896,0.02730909814830742,253,0.23401891497948957,**,0.8332**,(0.3752),TRUE
ECB Stmt -> SX5E [fwd/curr],SX5E,net_score_fwd,C,-0.4556523521329291,0.2251173082397259,0.04405310015049742,253,0.23401891497948957,**,-0.4557**,(0.2251),TRUE
ECB stmt | OIS_MP2 FE  fwd+curr,OIS_MP2,net_score_curr,A,-2.609784872523641,5.05793987197243,0.6063449141450076,244,0.21594182957102023,,-2.6098,(5.0579),FALSE
ECB stmt | OIS_MP2 FE  fwd+curr,OIS_MP2,net_score_fwd,A,0.8694123458942687,2.3302164416299287,0.709400594816728,244,0.21594182957102023,,0.8694,(2.3302),FALSE
ECB stmt | OIS_MP2 FE  fwd+curr,OIS_MP2,net_score_curr,B,-3.019155826663847,5.259166496768399,0.5664615006104943,244,0.2342376725803298,,-3.0192,(5.2592),FALSE
ECB stmt | OIS_MP2 FE  fwd+curr,OIS_MP2,net_score_fwd,B,-0.07257683580231583,2.063645794812539,0.9719743998651448,244,0.2342376725803298,,-0.0726,(2.0636),FALSE
ECB stmt | OIS_MP2 FE  fwd+curr,OIS_MP2,net_score_curr,C,-3.036650210019924,5.1972870861727385,0.559595078798893,244,0.23739968101668377,,-3.0367,(5.1973),FALSE
ECB stmt | OIS_MP2 FE  fwd+curr,OIS_MP2,net_score_fwd,C,0.01292917051668196,2.5049106316692256,0.9958860923525296,244,0.23739968101668377,,0.0129,(2.5049),FALSE
FOMC PC -> UST10Y [fwd/curr],UST10Y,net_score_curr,A,0.05351287595581307,0.03268552983741927,0.10520020343382185,91,0.08715256899035917,,0.0535,(0.0327),FALSE
FOMC PC -> UST10Y [fwd/curr],UST10Y,net_score_fwd,A,-0.07290732589034005,0.03180142314953296,0.02428476152081248,91,0.08715256899035917,**,-0.0729**,(0.0318),TRUE
FOMC PC -> UST10Y [fwd/curr],UST10Y,net_score_curr,B,0.06333624328717988,0.03866962686008457,0.10514343403133246,91,0.1150962354645867,,0.0633,(0.0387),FALSE
FOMC PC -> UST10Y [fwd/curr],UST10Y,net_score_fwd,B,-0.07453279247710028,0.03203358610074996,0.02236013612193043,91,0.1150962354645867,**,-0.0745**,(0.0320),TRUE
FOMC PC -> UST10Y [fwd/curr],UST10Y,net_score_curr,C,0.0661746805441695,0.04194405204522163,0.11839574516004232,91,0.1154056837494586,,0.0662,(0.0419),FALSE
FOMC PC -> UST10Y [fwd/curr],UST10Y,net_score_fwd,C,-0.07495735039006994,0.03243804323881458,0.02329580459205724,91,0.1154056837494586,**,-0.0750**,(0.0324),TRUE
FOMC PC -> UST2Y [fwd/curr],UST2Y,net_score_curr,A,0.01922446819945976,0.02528833615781535,0.4491838284769022,91,0.06896109550859297,,0.0192,(0.0253),FALSE
FOMC PC -> UST2Y [fwd/curr],UST2Y,net_score_fwd,A,-0.05882980040102977,0.03486289128208649,0.09509685110771075,91,0.06896109550859297,*,-0.0588*,(0.0349),TRUE
FOMC PC -> UST2Y [fwd/curr],UST2Y,net_score_curr,B,0.02234649309121314,0.02929437146264704,0.4476793468745474,91,0.07923164914381742,,0.0223,(0.0293),FALSE
FOMC PC -> UST2Y [fwd/curr],UST2Y,net_score_fwd,B,-0.06226206177017285,0.03685310412461296,0.09479517177113,91,0.07923164914381742,*,-0.0623*,(0.0369),TRUE
FOMC PC -> UST2Y [fwd/curr],UST2Y,net_score_curr,C,0.02611697409388578,0.03294852171365745,0.430209034560012,91,0.07969740627450606,,0.0261,(0.0329),FALSE
FOMC PC -> UST2Y [fwd/curr],UST2Y,net_score_fwd,C,-0.06282602968647773,0.03747719868562967,0.09738197977859224,91,0.07969740627450606,*,-0.0628*,(0.0375),TRUE
FOMC stmt | UST2Y FE  fwd+curr,UST2Y,net_score_curr,A,0.00705192197675112,0.01802556557234832,0.6959862640988062,242,0.19177097521810416,,0.0071,(0.0180),FALSE
FOMC stmt | UST2Y FE  fwd+curr,UST2Y,net_score_fwd,A,0.01292072864252268,0.01652628075359566,0.4350920522305116,242,0.19177097521810416,,0.0129,(0.0165),FALSE
FOMC stmt | UST2Y FE  fwd+curr,UST2Y,net_score_curr,B,0.00700335201956904,0.01757849089196702,0.6906936828844317,242,0.19295378405521668,,0.0070,(0.0176),FALSE
FOMC stmt | UST2Y FE  fwd+curr,UST2Y,net_score_fwd,B,0.0166945790840574,0.01930593588978394,0.3880643716940716,242,0.19295378405521668,,0.0167,(0.0193),FALSE
FOMC stmt | UST2Y FE  fwd+curr,UST2Y,net_score_curr,C,0.00483793920211721,0.0209101149862929,0.8172316885851536,242,0.19332273494913343,,0.0048,(0.0209),FALSE
FOMC stmt | UST2Y FE  fwd+curr,UST2Y,net_score_fwd,C,0.01400543484369549,0.02080957876254665,0.5015962777350604,242,0.19332273494913343,,0.0140,(0.0208),FALSE
