label,outcome,score_term,fe_spec,estimate,se,pvalue,n,r2,stars,coef_print,se_print
FOMC PC -> UST10Y [fwd/curr],UST10Y,net_score_fwd,B,-0.07453279247710028,0.03203358610074996,0.02236013612193043,91,0.1150962354645867,**,-0.0745**,(0.0320)
FOMC PC -> UST10Y [fwd/curr],UST10Y,net_score_fwd,C,-0.07495735039006994,0.03243804323881458,0.02329580459205724,91,0.1154056837494586,**,-0.0750**,(0.0324)
ECB Stmt -> SX5E [fwd/curr],SX5E,net_score_curr,B,0.8500594516919785,0.37503302672810257,0.0242820595000234,253,0.22363726368782477,**,0.8501**,(0.3750)
FOMC PC -> UST10Y [fwd/curr],UST10Y,net_score_fwd,A,-0.07290732589034005,0.03180142314953296,0.02428476152081248,91,0.08715256899035917,**,-0.0729**,(0.0318)
FOMC PC -> TIPS10Y [fwd/curr],TIPS10Y,net_score_fwd,A,-0.07236834275706144,0.03212661238642965,0.02680062362975684,91,0.08256264600265084,**,-0.0724**,(0.0321)
ECB Stmt -> SX5E [fwd/curr],SX5E,net_score_curr,C,0.8331602035562881,0.3752255307562896,0.02730909814830742,253,0.23401891497948957,**,0.8332**,(0.3752)
FOMC stmt | UST2Y  rf,UST2Y,rf_score,B,0.01745408970841296,0.00789131804561647,0.02796799961480854,235,0.203542088731277,**,0.0175**,(0.0079)
ECB stmt | SX5E    rf,SX5E,rf_score,A,0.37126688278612263,0.16903320180210124,0.02898462703759225,252,0.2083910685548237,**,0.3713**,(0.1690)
FOMC stmt | UST2Y  rf,UST2Y,rf_score,C,0.01755257677148582,0.00799567278910792,0.02915820917136528,235,0.2039541924018634,**,0.0176**,(0.0080)
FOMC PC -> TIPS10Y [fwd/curr],TIPS10Y,net_score_fwd,B,-0.07428398678849897,0.03347808878467985,0.02915912557522697,91,0.10501189615423034,**,-0.0743**,(0.0335)
FOMC stmt | UST2Y  rf,UST2Y,rf_score,A,0.01659709031868005,0.00763585343575623,0.03074919893652101,235,0.2017838361959552,**,0.0166**,(0.0076)
FOMC PC -> TIPS10Y [fwd/curr],TIPS10Y,net_score_fwd,C,-0.07474064873770221,0.03412676565963339,0.03128978594501468,91,0.1053290664388109,**,-0.0747**,(0.0341)
FOMC PC -> TIPS5Y [fwd/curr],TIPS5Y,net_score_fwd,A,-0.0899218638935638,0.04109984307158809,0.03135863156850858,91,0.08627443215300856,**,-0.0899**,(0.0411)
FOMC PC -> TIPS5Y [fwd/curr],TIPS5Y,net_score_fwd,B,-0.09594125910487808,0.04391173797706989,0.0316511024115339,91,0.1023583771040476,**,-0.0959**,(0.0439)
ECB Stmt -> SX5E [fwd/curr],SX5E,net_score_curr,A,0.8057869875599571,0.3760677346714506,0.03310988131315647,253,0.2097154302760873,**,0.8058**,(0.3761)
FOMC PC -> DXY [fwd/curr],DXY,net_score_fwd,A,-0.43008369533686847,0.1988800286697973,0.03332157440065374,91,0.09251191495367728,**,-0.4301**,(0.1989)
FOMC PC -> DXY [fwd/curr],DXY,net_score_fwd,B,-0.4622720917948669,0.21375329625563735,0.03337767163320487,91,0.10666957974101764,**,-0.4623**,(0.2138)
FOMC PC -> EURUSD [fwd/curr],EURUSD,net_score_fwd,B,0.46072979056823726,0.21372576355532524,0.03393322241620802,91,0.10470192834775773,**,0.4607**,(0.2137)
FOMC PC -> EURUSD [fwd/curr],EURUSD,net_score_fwd,A,0.427994066036536,0.19872187323241425,0.03402682776176887,91,0.08950620617975835,**,0.4280**,(0.1987)
FOMC PC -> TIPS5Y [fwd/curr],TIPS5Y,net_score_fwd,C,-0.09580137048220136,0.04483712115185701,0.03553500155238129,91,0.10237650207710536,**,-0.0958**,(0.0448)
ECB stmt | SX5E    rf,SX5E,rf_score,B,0.4094353961798108,0.19470982352869964,0.03649972342568813,252,0.2266788422603262,**,0.4094**,(0.1947)
FOMC PC -> DXY [fwd/curr],DXY,net_score_fwd,C,-0.4470872677812912,0.2159030684536472,0.04144957365930683,91,0.11489912793163803,**,-0.4471**,(0.2159)
ECB Stmt -> SX5E [fwd/curr],SX5E,net_score_fwd,A,-0.47773944433122983,0.23485800274341295,0.04299513361304589,253,0.2097154302760873,**,-0.4777**,(0.2349)
FOMC PC -> EURUSD [net],EURUSD,net_score,C,0.37357056469690303,0.18199193214466472,0.04317963871652242,91,0.08859658455593611,**,0.3736**,(0.1820)
FOMC PC -> EURUSD [fwd/curr],EURUSD,net_score_fwd,C,0.44165956367857095,0.2158235544568411,0.04384493545604519,91,0.11685644179741515,**,0.4417**,(0.2158)
ECB Stmt -> SX5E [fwd/curr],SX5E,net_score_fwd,C,-0.4556523521329291,0.2251173082397259,0.04405310015049742,253,0.23401891497948957,**,-0.4557**,(0.2251)
ECB Stmt -> SX7E [fwd/curr],SX7E,net_score_fwd,C,-0.8640533349518317,0.43088544002055673,0.04603571723523479,253,0.12297483708389112,**,-0.8641**,(0.4309)
FOMC PC -> DXY [net],DXY,net_score,C,-0.34542647354791883,0.17506915017290334,0.05173537571022588,91,0.08055617570592755,*,-0.3454*,(0.1751)
ECB Stmt -> IT10Y_spread [fwd/curr],IT10Y_spread,net_score_fwd,C,3.818380056669638,1.9562207236458404,0.05219433966837092,233,0.10780646477603184,*,3.8184*,(1.9562)
ECB Stmt -> IT10Y_spread [fwd/curr],IT10Y_spread,net_score_fwd,A,4.337855077274002,2.2371911801680353,0.05373317822907646,233,0.0743327120667483,*,4.3379*,(2.2372)
ECB PC -> SX7E [net],SX7E,net_score,A,0.3815228603476113,0.1979491496331367,0.0551128480728766,243,0.01904271670200241,*,0.3815*,(0.1979)
ECB Stmt -> SX7E [fwd/curr],SX7E,net_score_fwd,A,-0.8412479456850591,0.4435877440926458,0.05905625342044796,253,0.08958048226939364,*,-0.8412*,(0.4436)
ECB Stmt -> IT10Y_spread [fwd/curr],IT10Y_spread,net_score_curr,A,-6.538589578645093,3.468273699744012,0.0606611811835832,233,0.0743327120667483,*,-6.5386*,(3.4683)
ECB Stmt -> IT10Y_spread [fwd/curr],IT10Y_spread,net_score_curr,B,-6.327543634858475,3.428593719303868,0.06626981262568458,233,0.10368384009260224,*,-6.3275*,(3.4286)
ECB PC -> DE10Y [fwd/curr],DE10Y,net_score_curr,C,-1.6110071208705397,0.8871994510993191,0.0706756295341237,243,0.02497538962669476,*,-1.6110*,(0.8872)
ECB Stmt -> IT10Y_spread [fwd/curr],IT10Y_spread,net_score_fwd,B,4.18020469700264,2.304283595831971,0.07098817003860781,233,0.10368384009260224,*,4.1802*,(2.3043)
ECB Stmt -> IT10Y_spread [fwd/curr],IT10Y_spread,net_score_curr,C,-6.429149148200515,3.615108251406861,0.07669269450391962,233,0.10780646477603184,*,-6.4291*,(3.6151)
ECB Stmt -> SX7E [fwd/curr],SX7E,net_score_curr,C,1.2674097549807737,0.7207267937819022,0.07991333446393481,253,0.12297483708389112,*,1.2674*,(0.7207)
ECB Stmt -> SX7E [fwd/curr],SX7E,net_score_curr,B,1.3100218673043773,0.7480871929200268,0.0811643590394769,253,0.10357733956027926,*,1.3100*,(0.7481)
ECB PC -> DE10Y [fwd/curr],DE10Y,net_score_curr,B,-1.4362953553251832,0.8302548072544645,0.08494743275697236,243,0.02317682864489612,*,-1.4363*,(0.8303)
FOMC Stmt -> SP500 [fwd/curr],SP500,net_score_fwd,A,-0.3026812315143602,0.17657875208964485,0.08786144719149935,232,0.05425023484380997,*,-0.3027*,(0.1766)
FOMC PC -> UST2Y [fwd/curr],UST2Y,net_score_fwd,B,-0.06226206177017285,0.03685310412461296,0.09479517177113,91,0.07923164914381742,*,-0.0623*,(0.0369)
FOMC PC -> UST2Y [fwd/curr],UST2Y,net_score_fwd,A,-0.05882980040102977,0.03486289128208649,0.09509685110771075,91,0.06896109550859297,*,-0.0588*,(0.0349)
ECB Stmt -> SX7E [fwd/curr],SX7E,net_score_curr,A,1.2254023205812474,0.735576921846098,0.0969895543376888,253,0.08958048226939364,*,1.2254*,(0.7356)
FOMC PC -> UST2Y [fwd/curr],UST2Y,net_score_fwd,C,-0.06282602968647773,0.03747719868562967,0.09738197977859224,91,0.07969740627450606,*,-0.0628*,(0.0375)
